instant,dteday,season,year,month,holiday,weekday,workingday,weathersit,temp,atemp,humidity,windspeed,casual,registered,cnt,day_type,kategori_suhu
1,2011-01-01,Spring,0,1,no,Saturday,no,Misty,14.110847,18.18125,80.58330000000001,10.749882,331,654,985,Weekend,Sejuk
2,2011-01-02,Spring,0,1,no,Sunday,no,Misty,14.902598000000001,17.686950000000003,69.6087,16.652113,131,670,801,Weekend,Sejuk
3,2011-01-03,Spring,0,1,no,Monday,yes,Clear,8.050924,9.47025,43.7273,16.636703,120,1229,1349,Workingday,Dingin
4,2011-01-04,Spring,0,1,no,Tuesday,yes,Clear,8.200000000000001,10.6061,59.0435,10.739832,108,1454,1562,Workingday,Dingin
5,2011-01-05,Spring,0,1,no,Wednesday,yes,Clear,9.305237,11.4635,43.695699999999995,12.522300000000001,82,1518,1600,Workingday,Dingin
6,2011-01-06,Spring,0,1,no,Thursday,yes,Clear,8.378268,11.66045,51.8261,6.0008684,88,1518,1606,Workingday,Dingin
7,2011-01-07,Spring,0,1,no,Friday,yes,Misty,8.057402,10.44195,49.8696,11.304642,148,1362,1510,Workingday,Dingin
8,2011-01-08,Spring,0,1,no,Saturday,no,Misty,6.765000000000001,8.1127,53.5833,17.875868,68,891,959,Weekend,Dingin
9,2011-01-09,Spring,0,1,no,Sunday,no,Clear,5.671653,5.80875,43.416700000000006,24.25065,54,768,822,Weekend,Dingin
10,2011-01-10,Spring,0,1,no,Monday,yes,Clear,6.184153,7.5443999999999996,48.2917,14.958889,41,1280,1321,Workingday,Dingin
11,2011-01-11,Spring,0,1,no,Tuesday,yes,Misty,6.9327309999999995,9.5732,68.6364,8.182844000000001,43,1220,1263,Workingday,Dingin
12,2011-01-12,Spring,0,1,no,Wednesday,yes,Clear,7.0818069999999995,8.02365,59.954499999999996,20.410009,25,1137,1162,Workingday,Dingin
13,2011-01-13,Spring,0,1,no,Thursday,yes,Clear,6.765000000000001,7.544149999999999,47.0417,20.166999999999998,38,1368,1406,Workingday,Dingin
14,2011-01-14,Spring,0,1,no,Friday,yes,Clear,6.59567,9.42065,53.7826,8.478716,54,1367,1421,Workingday,Dingin
15,2011-01-15,Spring,0,1,no,Saturday,no,Misty,9.566653,12.4056,49.875,10.583521,222,1026,1248,Weekend,Dingin
16,2011-01-16,Spring,0,1,no,Sunday,no,Clear,9.498347,11.71085,48.375,12.625010999999999,251,953,1204,Weekend,Dingin
17,2011-01-17,Spring,0,1,yes,Monday,no,Misty,7.209153,8.838550000000001,53.75,12.999139,117,883,1000,Holiday,Dingin
18,2011-01-18,Spring,0,1,no,Tuesday,yes,Misty,8.883347,11.61665,86.16669999999999,9.833924999999999,9,674,683,Workingday,Dingin
19,2011-01-19,Spring,0,1,no,Wednesday,yes,Misty,11.979134,14.921100000000001,74.1739,13.957239,78,1572,1650,Workingday,Sejuk
20,2011-01-20,Spring,0,1,no,Thursday,yes,Misty,10.728347,12.7525,53.833299999999994,13.125568,83,1844,1927,Workingday,Sejuk
21,2011-01-21,Spring,0,1,no,Friday,yes,Clear,7.2775,7.89165,45.7083,23.667214,75,1468,1543,Workingday,Dingin
22,2011-01-22,Spring,0,1,no,Saturday,no,Clear,2.4243464,3.9534800000000003,40.0,11.52199,93,888,981,Weekend,Dingin
23,2011-01-23,Spring,0,1,no,Sunday,no,Clear,3.9573897000000002,4.941955,43.6522,16.5222,150,836,986,Weekend,Dingin
24,2011-01-24,Spring,0,1,no,Monday,yes,Clear,3.9930433,5.8965,49.173899999999996,10.60811,86,1330,1416,Workingday,Dingin
25,2011-01-25,Spring,0,1,no,Tuesday,yes,Misty,9.162598000000001,11.7263,61.695699999999995,8.696332,186,1799,1985,Workingday,Dingin
26,2011-01-26,Spring,0,1,no,Wednesday,yes,Light Snow/Rain,8.9175,10.18,86.25,19.68795,34,472,506,Workingday,Dingin
27,2011-01-27,Spring,0,1,no,Thursday,yes,Clear,7.995,10.985,68.75,7.627078999999999,15,416,431,Workingday,Dingin
28,2011-01-28,Spring,0,1,no,Friday,yes,Misty,8.342597999999999,11.165849999999999,79.30430000000001,8.2611,38,1129,1167,Workingday,Dingin
29,2011-01-29,Spring,0,1,no,Saturday,no,Clear,8.057402,10.606300000000001,65.17389999999999,9.739455,123,975,1098,Weekend,Dingin
30,2011-01-30,Spring,0,1,no,Sunday,no,Clear,8.877402,12.5161,72.2174,4.956834199999999,140,956,1096,Weekend,Dingin
31,2011-01-31,Spring,0,1,no,Monday,yes,Misty,7.414153,9.3125,60.375,12.541864,42,1459,1501,Workingday,Dingin
32,2011-02-01,Spring,0,2,no,Tuesday,yes,Misty,7.8791340000000005,11.7265,82.9565,3.565271,47,1313,1360,Workingday,Dingin
33,2011-02-02,Spring,0,2,no,Wednesday,yes,Misty,10.66,12.72085,77.5417,17.708636,72,1454,1526,Workingday,Sejuk
34,2011-02-03,Spring,0,2,no,Thursday,yes,Clear,7.665237,8.8939,43.7826,18.609384,61,1489,1550,Workingday,Dingin
35,2011-02-04,Spring,0,2,no,Friday,yes,Misty,8.663464,11.429350000000001,58.521699999999996,8.565213,88,1620,1708,Workingday,Dingin
36,2011-02-05,Spring,0,2,no,Saturday,no,Misty,9.566653,12.152899999999999,92.91669999999999,10.792293,100,905,1005,Weekend,Dingin
37,2011-02-06,Spring,0,2,no,Sunday,no,Clear,11.719153,14.58355,56.833299999999994,9.5006,354,1269,1623,Weekend,Sejuk
38,2011-02-07,Spring,0,2,no,Monday,yes,Clear,11.138347,15.1829,73.83330000000001,3.0423561,120,1592,1712,Workingday,Sejuk
39,2011-02-08,Spring,0,2,no,Tuesday,yes,Clear,9.054153,9.9123,53.7917,24.25065,64,1466,1530,Workingday,Dingin
40,2011-02-09,Spring,0,2,no,Wednesday,yes,Misty,5.526102999999999,7.21415,49.4783,12.652213,53,1552,1605,Workingday,Dingin
41,2011-02-10,Spring,0,2,no,Thursday,yes,Clear,5.918268,7.477399999999999,43.7391,14.869645,47,1491,1538,Workingday,Dingin
42,2011-02-11,Spring,0,2,no,Friday,yes,Clear,7.752731000000001,10.67545,50.6364,7.272849999999999,149,1597,1746,Workingday,Dingin
43,2011-02-12,Spring,0,2,no,Saturday,no,Clear,9.1225,11.6477,54.4167,13.625589,288,1184,1472,Weekend,Dingin
44,2011-02-13,Spring,0,2,no,Sunday,no,Clear,12.977402000000001,16.20565,45.7391,17.479160999999998,397,1192,1589,Weekend,Sejuk
45,2011-02-14,Spring,0,2,no,Monday,yes,Clear,17.015,19.9175,37.583299999999994,27.999836,208,1705,1913,Workingday,Sejuk
46,2011-02-15,Spring,0,2,no,Tuesday,yes,Clear,10.909567000000001,12.7137,31.434800000000003,19.522058,140,1675,1815,Workingday,Sejuk
47,2011-02-16,Spring,0,2,no,Wednesday,yes,Clear,13.048701000000001,15.809999999999999,42.3478,16.869996999999998,218,1897,2115,Workingday,Sejuk
48,2011-02-17,Spring,0,2,no,Thursday,yes,Clear,17.869153,21.4329,50.5,15.416968,259,2216,2475,Workingday,Sejuk
49,2011-02-18,Spring,0,2,no,Friday,yes,Clear,21.388347,25.599149999999998,51.6667,17.749975000000003,579,2348,2927,Workingday,Hangat
50,2011-02-19,Spring,0,2,no,Saturday,no,Clear,16.365847,19.5702,18.7917,34.000021,532,1103,1635,Weekend,Sejuk
51,2011-02-20,Spring,0,2,no,Sunday,no,Clear,11.693897,13.8665,40.7826,14.956745,639,1173,1812,Weekend,Sejuk
52,2011-02-21,Spring,0,2,yes,Monday,no,Misty,12.436653000000002,14.203750000000001,60.5,20.625682,195,912,1107,Holiday,Sejuk
53,2011-02-22,Spring,0,2,no,Tuesday,yes,Clear,7.471102,9.30165,57.7778,13.110761,74,1376,1450,Workingday,Dingin
54,2011-02-23,Spring,0,2,no,Wednesday,yes,Clear,9.091299,12.28585,42.3043,6.3055710000000005,139,1778,1917,Workingday,Dingin
55,2011-02-24,Spring,0,2,no,Thursday,yes,Misty,12.121732000000002,14.459549999999998,69.7391,16.783231999999998,100,1707,1807,Workingday,Sejuk
56,2011-02-25,Spring,0,2,no,Friday,yes,Misty,14.938268,17.52305,71.2174,23.218113,120,1341,1461,Workingday,Sejuk
57,2011-02-26,Spring,0,2,no,Saturday,no,Clear,11.5825,14.1096,53.7917,12.500257,424,1545,1969,Weekend,Sejuk
58,2011-02-27,Spring,0,2,no,Sunday,no,Clear,14.082598,17.55545,68.0,8.391615999999999,694,1708,2402,Weekend,Sejuk
59,2011-02-28,Spring,0,2,no,Monday,yes,Misty,16.698193,20.005899999999997,87.63640000000001,19.408962,81,1365,1446,Workingday,Sejuk
60,2011-03-01,Spring,0,3,no,Tuesday,yes,Clear,10.933347,13.19395,53.5,14.500475,137,1714,1851,Workingday,Sejuk
61,2011-03-02,Spring,0,3,no,Wednesday,yes,Clear,13.735000000000001,16.00355,44.9583,20.624811,231,1903,2134,Workingday,Sejuk
62,2011-03-03,Spring,0,3,no,Thursday,yes,Clear,8.131653,10.00665,31.833299999999998,15.125518000000001,123,1562,1685,Workingday,Dingin
63,2011-03-04,Spring,0,3,no,Friday,yes,Misty,10.728347,12.783949999999999,61.0417,13.624182,214,1730,1944,Workingday,Sejuk
64,2011-03-05,Spring,0,3,no,Saturday,no,Misty,15.750846999999998,18.93895,78.91669999999999,16.875357,640,1437,2077,Weekend,Sejuk
65,2011-03-06,Spring,0,3,no,Sunday,no,Misty,15.437402,18.3126,94.8261,23.000229,114,491,605,Weekend,Sejuk
66,2011-03-07,Spring,0,3,no,Monday,yes,Clear,10.731299,11.92305,55.1304,22.870584,244,1628,1872,Workingday,Sejuk
67,2011-03-08,Spring,0,3,no,Tuesday,yes,Clear,11.9925,15.120000000000001,42.0833,8.083549999999999,316,1817,2133,Workingday,Sejuk
68,2011-03-09,Spring,0,3,no,Wednesday,yes,Misty,12.129153,14.3304,77.5417,14.750050000000002,191,1700,1891,Workingday,Sejuk
69,2011-03-10,Spring,0,3,no,Thursday,yes,Light Snow/Rain,15.952731,19.2834,0.0,17.545759,46,577,623,Workingday,Sejuk
70,2011-03-11,Spring,0,3,no,Friday,yes,Misty,12.977402000000001,15.25,64.95649999999999,15.60899,247,1730,1977,Workingday,Sejuk
71,2011-03-12,Spring,0,3,no,Saturday,no,Clear,13.495847,16.287499999999998,59.458299999999994,14.791924999999999,724,1408,2132,Weekend,Sejuk
72,2011-03-13,Spring,0,3,no,Sunday,no,Clear,15.758268000000001,19.004550000000002,52.73910000000001,18.130468,982,1435,2417,Weekend,Sejuk
73,2011-03-14,Spring,0,3,no,Monday,yes,Clear,13.333896999999999,16.6,49.695699999999995,9.174042,359,1687,2046,Workingday,Sejuk
74,2011-03-15,Spring,0,3,no,Tuesday,yes,Misty,13.013031,15.908900000000001,65.5652,12.348703,289,1767,2056,Workingday,Sejuk
75,2011-03-16,Spring,0,3,no,Wednesday,yes,Misty,14.973897000000001,18.3465,77.65220000000001,13.608839,321,1871,2192,Workingday,Sejuk
76,2011-03-17,Spring,0,3,no,Thursday,yes,Clear,17.015,20.51665,60.291700000000006,14.041792999999998,424,2320,2744,Workingday,Sejuk
77,2011-03-18,Spring,0,3,no,Friday,yes,Clear,22.14,26.35045,52.5217,15.478139,884,2355,3239,Workingday,Hangat
78,2011-03-19,Spring,0,3,no,Saturday,no,Clear,19.3725,23.32625,37.9167,24.667189,1424,1693,3117,Weekend,Sejuk
79,2011-03-20,Spring,0,3,no,Sunday,no,Clear,13.6325,16.287499999999998,47.375,13.917307,1047,1424,2471,Weekend,Sejuk
80,2011-03-21,Summer,0,3,no,Monday,yes,Misty,17.647835,20.48675,73.73910000000001,19.348461,401,1676,2077,Workingday,Sejuk
81,2011-03-22,Summer,0,3,no,Tuesday,yes,Clear,18.108347,22.0321,62.4583,15.125250000000001,460,2243,2703,Workingday,Sejuk
82,2011-03-23,Summer,0,3,no,Wednesday,yes,Misty,14.225237,16.89695,83.9565,15.695487,203,1918,2121,Workingday,Sejuk
83,2011-03-24,Summer,0,3,no,Thursday,yes,Misty,11.684999999999999,13.541649999999999,80.58330000000001,16.333729,166,1699,1865,Workingday,Sejuk
84,2011-03-25,Summer,0,3,no,Friday,yes,Clear,10.830846999999999,12.8156,49.5,15.458575000000002,300,1910,2210,Workingday,Sejuk
85,2011-03-26,Summer,0,3,no,Saturday,no,Clear,10.899153,12.87855,39.4167,14.041257,981,1515,2496,Weekend,Sejuk
86,2011-03-27,Summer,0,3,no,Sunday,no,Misty,10.374763000000002,12.51695,49.3913,12.348099999999999,472,1221,1693,Weekend,Sejuk
87,2011-03-28,Summer,0,3,no,Monday,yes,Clear,10.838268000000001,12.878700000000002,30.2174,14.217668,222,1806,2028,Workingday,Sejuk
88,2011-03-29,Summer,0,3,no,Tuesday,yes,Clear,12.4025,14.6454,31.4167,15.208732,317,2108,2425,Workingday,Sejuk
89,2011-03-30,Summer,0,3,no,Wednesday,yes,Misty,12.299999999999999,14.8675,64.6667,11.583495999999998,168,1368,1536,Workingday,Sejuk
90,2011-03-31,Summer,0,3,no,Thursday,yes,Light Snow/Rain,11.001653,12.87875,91.8333,14.582282000000001,179,1506,1685,Workingday,Sejuk
91,2011-04-01,Summer,0,4,no,Friday,yes,Misty,12.299999999999999,14.172699999999999,68.625,17.333436,307,1920,2227,Workingday,Sejuk
92,2011-04-02,Summer,0,4,no,Saturday,no,Misty,12.915000000000001,15.78185,65.375,13.208782,898,1354,2252,Weekend,Sejuk
93,2011-04-03,Summer,0,4,no,Sunday,no,Clear,15.511652999999999,18.93835,48.0,12.208271000000002,1651,1598,3249,Weekend,Sejuk
94,2011-04-04,Summer,0,4,no,Monday,yes,Clear,23.506653,27.14645,42.625,25.833257,734,2381,3115,Workingday,Hangat
95,2011-04-05,Summer,0,4,no,Tuesday,yes,Misty,16.980847,19.9175,64.2083,26.000488999999998,167,1628,1795,Workingday,Sejuk
96,2011-04-06,Summer,0,4,no,Wednesday,yes,Clear,16.024153,19.3804,47.0833,17.625221,413,2395,2808,Workingday,Sejuk
97,2011-04-07,Summer,0,4,no,Thursday,yes,Clear,17.9375,21.684800000000003,60.291700000000006,10.874904,571,2570,3141,Workingday,Sejuk
98,2011-04-08,Summer,0,4,no,Friday,yes,Misty,13.769153,16.223950000000002,83.625,15.208464,172,1299,1471,Workingday,Sejuk
99,2011-04-09,Summer,0,4,no,Saturday,no,Misty,14.0425,17.07645,87.75,8.916561,879,1576,2455,Weekend,Sejuk
100,2011-04-10,Summer,0,4,no,Sunday,no,Misty,17.493347,21.33685,85.75,9.833389,1188,1707,2895,Weekend,Sejuk
101,2011-04-11,Summer,0,4,no,Monday,yes,Misty,24.421732,28.260849999999998,71.6956,21.739758,855,2493,3348,Workingday,Hangat
102,2011-04-12,Summer,0,4,no,Tuesday,yes,Misty,20.6025,24.6527,73.9167,18.416892999999998,257,1777,2034,Workingday,Hangat
103,2011-04-13,Summer,0,4,no,Wednesday,yes,Misty,16.912499999999998,20.864150000000002,81.91669999999999,16.791338999999997,209,1953,2162,Workingday,Sejuk
104,2011-04-14,Summer,0,4,no,Thursday,yes,Clear,19.1675,23.1371,54.041700000000006,7.4169,529,2738,3267,Workingday,Sejuk
105,2011-04-15,Summer,0,4,yes,Friday,no,Clear,18.313347,22.09565,67.125,15.167124999999999,642,2484,3126,Holiday,Sejuk
106,2011-04-16,Summer,0,4,no,Saturday,no,Light Snow/Rain,17.664153000000002,21.2746,88.83330000000001,22.834136,121,674,795,Weekend,Sejuk
107,2011-04-17,Summer,0,4,no,Sunday,no,Clear,18.723347,22.2848,47.9583,20.334232,1558,2186,3744,Weekend,Sejuk
108,2011-04-18,Summer,0,4,no,Monday,yes,Clear,21.0125,25.1573,54.25,10.958988999999999,669,2760,3429,Workingday,Hangat
109,2011-04-19,Summer,0,4,no,Tuesday,yes,Misty,20.739152999999998,24.4629,66.5833,10.584057,409,2795,3204,Workingday,Hangat
110,2011-04-20,Summer,0,4,no,Wednesday,yes,Clear,24.395,28.2196,61.4167,16.208975,613,3331,3944,Workingday,Hangat
111,2011-04-21,Summer,0,4,no,Thursday,yes,Clear,18.825847,22.6946,40.708299999999994,21.792286,745,3444,4189,Workingday,Sejuk
112,2011-04-22,Summer,0,4,no,Friday,yes,Misty,13.803347,16.0977,72.9583,14.707906999999999,177,1506,1683,Workingday,Sejuk
113,2011-04-23,Summer,0,4,no,Saturday,no,Misty,18.86,22.50605,88.79169999999999,15.458575000000002,1462,2574,4036,Weekend,Sejuk
114,2011-04-24,Summer,0,4,no,Sunday,no,Misty,23.848347,27.58815,81.08330000000001,12.875725000000001,1710,2481,4191,Weekend,Hangat
115,2011-04-25,Summer,0,4,no,Monday,yes,Clear,24.873347,28.725,77.6667,12.417311,773,3300,4073,Workingday,Hangat
116,2011-04-26,Summer,0,4,no,Tuesday,yes,Clear,25.898346999999998,29.704150000000002,72.9167,21.875500000000002,678,3722,4400,Workingday,Hangat
117,2011-04-27,Summer,0,4,no,Wednesday,yes,Misty,25.419999999999998,28.7571,83.54169999999999,20.917399999999997,547,3325,3872,Workingday,Hangat
118,2011-04-28,Summer,0,4,no,Thursday,yes,Misty,25.317500000000003,28.946450000000002,70.08330000000001,21.500836000000003,569,3489,4058,Workingday,Hangat
119,2011-04-29,Summer,0,4,no,Friday,yes,Clear,20.91,24.87315,45.7083,16.084221,878,3717,4595,Workingday,Hangat
120,2011-04-30,Summer,0,4,no,Saturday,no,Clear,19.3725,23.201050000000002,50.3333,15.750025,1965,3347,5312,Weekend,Sejuk
121,2011-05-01,Summer,0,5,no,Sunday,no,Misty,18.518347,22.4102,76.2083,7.125718,1138,2213,3351,Weekend,Sejuk
122,2011-05-02,Summer,0,5,no,Monday,yes,Misty,22.515846999999997,26.64165,73.0,12.291418,847,3554,4401,Workingday,Hangat
123,2011-05-03,Summer,0,5,no,Tuesday,yes,Misty,25.283347,29.10395,69.7083,22.958689,603,3848,4451,Workingday,Hangat
124,2011-05-04,Summer,0,5,no,Wednesday,yes,Misty,16.980847,20.2325,73.70830000000001,22.042732,255,2378,2633,Workingday,Sejuk
125,2011-05-05,Summer,0,5,no,Thursday,yes,Clear,18.825847,22.09585,44.4167,19.791263999999998,614,3819,4433,Workingday,Sejuk
126,2011-05-06,Summer,0,5,no,Friday,yes,Clear,19.645847,23.70585,59.0,15.292482,894,3714,4608,Workingday,Sejuk
127,2011-05-07,Summer,0,5,no,Saturday,no,Clear,21.32,25.63105,54.125,10.750150000000001,1612,3102,4714,Weekend,Hangat
128,2011-05-08,Summer,0,5,no,Sunday,no,Clear,21.661653,25.946649999999998,63.1667,5.0007125,1401,2932,4333,Weekend,Hangat
129,2011-05-09,Summer,0,5,no,Monday,yes,Clear,21.8325,26.2623,58.875,11.792,664,3698,4362,Workingday,Hangat
130,2011-05-10,Summer,0,5,no,Tuesday,yes,Clear,21.8325,26.13605,48.9167,7.749956999999999,694,4109,4803,Workingday,Hangat
131,2011-05-11,Summer,0,5,no,Wednesday,yes,Clear,22.2425,26.419999999999998,63.29169999999999,8.083014,550,3632,4182,Workingday,Hangat
132,2011-05-12,Summer,0,5,no,Thursday,yes,Clear,21.935000000000002,26.16815,74.75,12.707689,695,4169,4864,Workingday,Hangat
133,2011-05-13,Summer,0,5,no,Friday,yes,Misty,21.0125,24.715,86.33330000000001,12.041575,692,3413,4105,Workingday,Hangat
134,2011-05-14,Summer,0,5,no,Saturday,no,Misty,21.354153,25.03145,92.25,9.041649999999999,902,2507,3409,Weekend,Hangat
135,2011-05-15,Summer,0,5,no,Sunday,no,Misty,23.0625,26.8,86.70830000000001,10.249593,1582,2971,4553,Weekend,Hangat
136,2011-05-16,Summer,0,5,no,Monday,yes,Clear,23.677500000000002,27.5256,78.79169999999999,8.500357000000001,773,3185,3958,Workingday,Hangat
137,2011-05-17,Summer,0,5,no,Tuesday,yes,Misty,23.028347,26.926450000000003,83.7917,18.582718,678,3445,4123,Workingday,Hangat
138,2011-05-18,Summer,0,5,no,Wednesday,yes,Misty,22.55,26.3579,87.0,13.499964,536,3319,3855,Workingday,Hangat
139,2011-05-19,Summer,0,5,no,Thursday,yes,Misty,21.764153,25.537100000000002,82.9583,7.250271000000001,735,3840,4575,Workingday,Hangat
140,2011-05-20,Summer,0,5,no,Friday,yes,Clear,22.003347,26.4521,71.9583,8.375871,909,4008,4917,Workingday,Hangat
141,2011-05-21,Summer,0,5,no,Saturday,no,Clear,24.7025,28.59875,62.6667,8.083549999999999,2258,3547,5805,Weekend,Hangat
142,2011-05-22,Summer,0,5,no,Sunday,no,Clear,24.770847,28.725,74.9583,9.916536,1576,3084,4660,Weekend,Hangat
143,2011-05-23,Summer,0,5,no,Monday,yes,Misty,25.898346999999998,29.5148,81.0,15.667413999999999,836,3438,4274,Workingday,Hangat
144,2011-05-24,Summer,0,5,no,Tuesday,yes,Misty,27.060000000000002,30.240650000000002,74.0833,13.875164,659,3833,4492,Workingday,Hangat
145,2011-05-25,Summer,0,5,no,Wednesday,yes,Clear,27.094153,30.7771,69.625,10.333611000000001,740,4238,4978,Workingday,Hangat
146,2011-05-26,Summer,0,5,no,Thursday,yes,Clear,29.041653,32.7344,67.75,13.376014,758,3919,4677,Workingday,Hangat
147,2011-05-27,Summer,0,5,no,Friday,yes,Clear,27.948347000000002,31.8504,65.375,16.125493,871,3808,4679,Workingday,Hangat
148,2011-05-28,Summer,0,5,no,Saturday,no,Clear,26.889153,30.61895,72.9583,15.416164,2001,2757,4758,Weekend,Hangat
149,2011-05-29,Summer,0,5,no,Sunday,no,Clear,27.3675,30.777500000000003,81.875,14.333846,2355,2433,4788,Weekend,Hangat
150,2011-05-30,Summer,0,5,yes,Monday,no,Clear,30.066653000000002,33.5546,68.5,8.792075,1549,2549,4098,Holiday,Panas
151,2011-05-31,Summer,0,5,no,Tuesday,yes,Clear,31.775000000000002,36.26915,63.6667,7.459042999999999,673,3309,3982,Workingday,Panas
152,2011-06-01,Summer,0,6,no,Wednesday,yes,Misty,31.330847000000002,36.04835,67.7083,13.875164,513,3461,3974,Workingday,Panas
153,2011-06-02,Summer,0,6,no,Thursday,yes,Clear,29.314999999999998,32.1971,30.5,19.583229000000003,736,4232,4968,Workingday,Hangat
154,2011-06-03,Summer,0,6,no,Friday,yes,Clear,25.419999999999998,29.356650000000002,35.4167,16.959107,898,4414,5312,Workingday,Hangat
155,2011-06-04,Summer,0,6,no,Saturday,no,Clear,26.035,29.7348,45.625,8.250514,1869,3473,5342,Weekend,Hangat
156,2011-06-05,Summer,0,6,no,Sunday,no,Misty,26.581653000000003,30.8402,65.25,9.292364000000001,1685,3221,4906,Weekend,Hangat
157,2011-06-06,Summer,0,6,no,Monday,yes,Clear,27.811653,31.0929,60.0,8.167032,673,3875,4548,Workingday,Hangat
158,2011-06-07,Summer,0,6,no,Tuesday,yes,Clear,29.0075,32.7975,59.791700000000006,12.583136,763,4070,4833,Workingday,Hangat
159,2011-06-08,Summer,0,6,no,Wednesday,yes,Clear,31.809153,36.36395,62.20830000000001,9.166739,676,3725,4401,Workingday,Panas
160,2011-06-09,Summer,0,6,no,Thursday,yes,Misty,33.141653,37.87895,56.833299999999994,10.042161,563,3352,3915,Workingday,Panas
161,2011-06-10,Summer,0,6,no,Friday,yes,Clear,30.955000000000002,35.1646,60.5,9.417118,815,3771,4586,Workingday,Panas
162,2011-06-11,Summer,0,6,no,Saturday,no,Clear,29.724999999999998,33.901900000000005,65.45830000000001,10.374949999999998,1729,3237,4966,Weekend,Hangat
163,2011-06-12,Summer,0,6,no,Sunday,no,Clear,28.392500000000002,32.166250000000005,74.7917,10.958988999999999,1467,2993,4460,Weekend,Hangat
164,2011-06-13,Summer,0,6,no,Monday,yes,Clear,26.035,30.082700000000003,49.4583,20.45845,863,4157,5020,Workingday,Hangat
165,2011-06-14,Summer,0,6,no,Tuesday,yes,Clear,24.770847,29.5773,50.708299999999994,18.041961,727,4164,4891,Workingday,Hangat
166,2011-06-15,Summer,0,6,no,Wednesday,yes,Clear,25.693347,29.3877,47.1667,11.250104,769,4411,5180,Workingday,Hangat
167,2011-06-16,Summer,0,6,no,Thursday,yes,Misty,25.761653000000003,29.767300000000002,68.8333,13.833556999999999,545,3222,3767,Workingday,Hangat
168,2011-06-17,Summer,0,6,no,Friday,yes,Clear,26.615847000000002,30.01915,73.5833,9.582942999999998,863,3981,4844,Workingday,Hangat
169,2011-06-18,Summer,0,6,no,Saturday,no,Clear,28.563347,32.197700000000005,67.0417,8.000336,1807,3312,5119,Weekend,Hangat
170,2011-06-19,Summer,0,6,no,Sunday,no,Misty,28.665847,32.292300000000004,66.6667,6.834,1639,3105,4744,Weekend,Hangat
171,2011-06-20,Summer,0,6,no,Monday,yes,Misty,26.035,29.767300000000002,74.625,10.416825,699,3311,4010,Workingday,Hangat
172,2011-06-21,Fall,0,6,no,Tuesday,yes,Misty,27.914153000000002,31.8823,77.0417,11.458675000000001,774,4061,4835,Workingday,Hangat
173,2011-06-22,Fall,0,6,no,Wednesday,yes,Clear,30.066653000000002,34.69145,70.75,11.541554,661,3846,4507,Workingday,Panas
174,2011-06-23,Fall,0,6,no,Thursday,yes,Misty,29.861653,34.69165,70.3333,15.999868,746,4044,4790,Workingday,Hangat
175,2011-06-24,Fall,0,6,no,Friday,yes,Clear,29.690847,32.82915,57.3333,14.875675,969,4022,4991,Workingday,Hangat
176,2011-06-25,Fall,0,6,no,Saturday,no,Clear,28.494999999999997,32.16565,48.3333,14.041257,1782,3420,5202,Weekend,Hangat
177,2011-06-26,Fall,0,6,no,Sunday,no,Clear,27.880000000000003,31.88145,51.3333,6.3337311,1920,3385,5305,Weekend,Hangat
178,2011-06-27,Fall,0,6,no,Monday,yes,Misty,27.982499999999998,31.8502,65.8333,7.2083960000000005,854,3854,4708,Workingday,Hangat
179,2011-06-28,Fall,0,6,no,Tuesday,yes,Clear,30.510847000000002,34.6279,63.416700000000006,9.666960999999999,732,3916,4648,Workingday,Panas
180,2011-06-29,Fall,0,6,no,Wednesday,yes,Clear,29.861653,32.7344,49.7917,17.542007,848,4377,5225,Workingday,Hangat
181,2011-06-30,Fall,0,6,no,Thursday,yes,Clear,28.563347,31.8504,43.416700000000006,12.415904000000001,1027,4488,5515,Workingday,Hangat
182,2011-07-01,Fall,0,7,no,Friday,yes,Clear,29.622500000000002,32.6081,39.625,6.874736,1246,4116,5362,Workingday,Hangat
183,2011-07-02,Fall,0,7,no,Saturday,no,Clear,30.271653,33.3654,44.4583,7.709154,2204,2915,5119,Weekend,Panas
184,2011-07-03,Fall,0,7,no,Sunday,no,Misty,29.383347,33.42875,68.25,15.333486,2282,2367,4649,Weekend,Hangat
185,2011-07-04,Fall,0,7,yes,Monday,no,Misty,29.793346999999997,33.27085,63.7917,5.4591064000000005,3065,2978,6043,Holiday,Hangat
186,2011-07-05,Fall,0,7,no,Tuesday,yes,Clear,30.613346999999997,34.816900000000004,59.0417,8.459286,1031,3634,4665,Workingday,Panas
187,2011-07-06,Fall,0,7,no,Wednesday,yes,Clear,29.52,34.28165,74.33330000000001,10.042161,784,3845,4629,Workingday,Hangat
188,2011-07-07,Fall,0,7,no,Thursday,yes,Clear,30.75,34.34355,65.125,10.666400000000001,754,3838,4592,Workingday,Panas
189,2011-07-08,Fall,0,7,no,Friday,yes,Misty,29.075847,33.524150000000006,75.79169999999999,15.083643,692,3348,4040,Workingday,Hangat
190,2011-07-09,Fall,0,7,no,Saturday,no,Clear,30.066653000000002,33.2079,60.9167,11.250104,1988,3348,5336,Weekend,Panas
191,2011-07-10,Fall,0,7,no,Sunday,no,Clear,30.6475,34.50125,57.8333,12.292557,1743,3138,4881,Weekend,Panas
192,2011-07-11,Fall,0,7,no,Monday,yes,Clear,31.2625,36.4902,63.5833,18.916579,723,3363,4086,Workingday,Panas
193,2011-07-12,Fall,0,7,no,Tuesday,yes,Clear,32.560846999999995,36.96375,55.9167,13.417017999999999,662,3596,4258,Workingday,Panas
194,2011-07-13,Fall,0,7,no,Wednesday,yes,Clear,30.613346999999997,34.4702,63.1667,9.790911000000001,748,3594,4342,Workingday,Panas
195,2011-07-14,Fall,0,7,no,Thursday,yes,Clear,27.914153000000002,31.7552,47.625,16.124689,888,4196,5084,Workingday,Hangat
196,2011-07-15,Fall,0,7,no,Friday,yes,Clear,27.196652999999998,31.21855,59.12500000000001,12.249811,1318,4220,5538,Workingday,Hangat
197,2011-07-16,Fall,0,7,no,Saturday,no,Clear,28.153347,31.91315,58.5,13.958914,2418,3505,5923,Weekend,Hangat
198,2011-07-17,Fall,0,7,no,Sunday,no,Clear,29.485847,33.49165,60.4167,16.417211,2006,3296,5302,Weekend,Hangat
199,2011-07-18,Fall,0,7,no,Monday,yes,Clear,30.613346999999997,35.19625,65.125,14.458867999999999,841,3617,4458,Workingday,Panas
200,2011-07-19,Fall,0,7,no,Tuesday,yes,Clear,31.843347,37.37395,65.0417,8.7502,752,3789,4541,Workingday,Panas
201,2011-07-20,Fall,0,7,no,Wednesday,yes,Clear,31.501653,37.3425,70.70830000000001,7.625739,644,3688,4332,Workingday,Panas
202,2011-07-21,Fall,0,7,no,Thursday,yes,Misty,33.415,41.31855,69.125,14.875407,632,3152,3784,Workingday,Panas
203,2011-07-22,Fall,0,7,no,Friday,yes,Clear,34.781653,42.0448,58.0417,8.9177,562,2825,3387,Workingday,Panas
204,2011-07-23,Fall,0,7,no,Saturday,no,Clear,34.815847,40.214349999999996,50.0,8.791807,987,2298,3285,Weekend,Panas
205,2011-07-24,Fall,0,7,no,Sunday,no,Clear,34.03,39.74145,55.0833,11.334456999999999,1050,2556,3606,Weekend,Panas
206,2011-07-25,Fall,0,7,no,Monday,yes,Clear,30.476653000000002,36.0479,75.7083,6.0841560999999995,568,3272,3840,Workingday,Panas
207,2011-07-26,Fall,0,7,no,Tuesday,yes,Clear,31.638347,34.84895,54.0833,13.417285999999999,750,3840,4590,Workingday,Panas
208,2011-07-27,Fall,0,7,no,Wednesday,yes,Clear,31.775000000000002,34.53335,40.291700000000006,12.292020999999998,755,3901,4656,Workingday,Panas
209,2011-07-28,Fall,0,7,no,Thursday,yes,Clear,31.945847,36.995,58.3333,11.958093,606,3784,4390,Workingday,Panas
210,2011-07-29,Fall,0,7,no,Friday,yes,Clear,34.371653,39.29835,54.25,11.667245999999999,670,3176,3846,Workingday,Panas
211,2011-07-30,Fall,0,7,no,Saturday,no,Clear,32.970847,36.42685,46.5833,11.291979,1559,2916,4475,Weekend,Panas
212,2011-07-31,Fall,0,7,no,Sunday,no,Clear,33.039153,36.4898,48.0833,11.042470999999999,1524,2778,4302,Weekend,Panas
213,2011-08-01,Fall,0,8,no,Monday,yes,Clear,31.638347,35.1646,55.0833,10.500039,729,3537,4266,Workingday,Panas
214,2011-08-02,Fall,0,8,no,Tuesday,yes,Clear,32.116653,35.35355,49.125,13.79195,801,4044,4845,Workingday,Panas
215,2011-08-03,Fall,0,8,no,Wednesday,yes,Misty,29.998347,33.99685,65.75,9.084061,467,3107,3574,Workingday,Hangat
216,2011-08-04,Fall,0,8,no,Thursday,yes,Misty,29.11,33.2394,75.75,13.20905,799,3777,4576,Workingday,Hangat
217,2011-08-05,Fall,0,8,no,Friday,yes,Clear,29.144153000000003,32.82835,63.083299999999994,12.374632,1023,3843,4866,Workingday,Hangat
218,2011-08-06,Fall,0,8,no,Saturday,no,Misty,29.383347,33.807700000000004,75.5,15.29275,1521,2773,4294,Weekend,Hangat
219,2011-08-07,Fall,0,8,no,Sunday,no,Clear,30.442500000000003,35.7646,75.29169999999999,13.499629,1298,2487,3785,Weekend,Panas
220,2011-08-08,Fall,0,8,no,Monday,yes,Clear,31.365000000000002,35.16415,59.2083,12.875725000000001,846,3480,4326,Workingday,Panas
221,2011-08-09,Fall,0,8,no,Tuesday,yes,Clear,31.775000000000002,36.20605,57.04169999999999,10.125107,907,3695,4602,Workingday,Panas
222,2011-08-10,Fall,0,8,no,Wednesday,yes,Clear,31.433346999999998,34.24915,42.4167,13.417285999999999,884,3896,4780,Workingday,Panas
223,2011-08-11,Fall,0,8,no,Thursday,yes,Clear,29.4175,32.57605,42.375,11.041332,812,3980,4792,Workingday,Hangat
224,2011-08-12,Fall,0,8,no,Friday,yes,Clear,29.041653,32.7021,41.5,8.416607,1051,3854,4905,Workingday,Hangat
225,2011-08-13,Fall,0,8,no,Saturday,no,Misty,28.119153,32.2929,72.9583,14.167418,1504,2646,4150,Weekend,Hangat
226,2011-08-14,Fall,0,8,no,Sunday,no,Misty,27.743347,31.219400000000004,81.75,14.916411,1338,2482,3820,Weekend,Hangat
227,2011-08-15,Fall,0,8,no,Monday,yes,Clear,27.299153,30.80835,71.20830000000001,13.999918,775,3563,4338,Workingday,Hangat
228,2011-08-16,Fall,0,8,no,Tuesday,yes,Clear,28.734153000000003,32.29185,57.8333,15.834043000000001,721,4004,4725,Workingday,Hangat
229,2011-08-17,Fall,0,8,no,Wednesday,yes,Clear,29.656653,33.33355,57.5417,9.625689,668,4026,4694,Workingday,Hangat
230,2011-08-18,Fall,0,8,no,Thursday,yes,Clear,29.178347000000002,33.1129,65.45830000000001,15.624936,639,3166,3805,Workingday,Hangat
231,2011-08-19,Fall,0,8,no,Friday,yes,Misty,28.085,31.661050000000003,72.2917,9.333635999999998,797,3356,4153,Workingday,Hangat
232,2011-08-20,Fall,0,8,no,Saturday,no,Clear,28.5975,32.4498,67.41669999999999,6.999289,1914,3277,5191,Weekend,Hangat
233,2011-08-21,Fall,0,8,no,Sunday,no,Clear,29.144153000000003,33.776250000000005,77.0,16.666518,1249,2624,3873,Weekend,Hangat
234,2011-08-22,Fall,0,8,no,Monday,yes,Clear,28.358347000000002,31.9127,47.0,18.54225,833,3925,4758,Workingday,Hangat
235,2011-08-23,Fall,0,8,no,Tuesday,yes,Clear,26.274153,30.303350000000002,45.5417,9.833121,1281,4614,5895,Workingday,Hangat
236,2011-08-24,Fall,0,8,no,Wednesday,yes,Clear,27.606652999999998,31.5346,60.5,16.958236,949,4181,5130,Workingday,Hangat
237,2011-08-25,Fall,0,8,no,Thursday,yes,Misty,28.050846999999997,32.2927,77.1667,14.125810999999999,435,3107,3542,Workingday,Hangat
238,2011-08-26,Fall,0,8,no,Friday,yes,Clear,28.7,32.98665,76.125,5.625487499999999,768,3893,4661,Workingday,Hangat
239,2011-08-27,Fall,0,8,no,Saturday,no,Misty,27.880000000000003,31.7778,85.0,25.166338999999997,226,889,1115,Weekend,Hangat
240,2011-08-28,Fall,0,8,no,Sunday,no,Clear,28.989418999999998,32.397949999999994,56.1765,20.412153,1415,2919,4334,Weekend,Hangat
241,2011-08-29,Fall,0,8,no,Monday,yes,Clear,26.103347,30.3979,55.45830000000001,10.708275,729,3905,4634,Workingday,Hangat
242,2011-08-30,Fall,0,8,no,Tuesday,yes,Clear,26.205847000000002,29.7352,54.833299999999994,8.375536,775,4429,5204,Workingday,Hangat
243,2011-08-31,Fall,0,8,no,Wednesday,yes,Clear,26.923347,30.556050000000003,59.791700000000006,5.5833311,688,4370,5058,Workingday,Hangat
244,2011-09-01,Fall,0,9,no,Thursday,yes,Clear,26.855,30.746050000000004,63.916700000000006,9.500332,783,4332,5115,Workingday,Hangat
245,2011-09-02,Fall,0,9,no,Friday,yes,Misty,26.376653,30.2404,72.70830000000001,9.375243,875,3852,4727,Workingday,Hangat
246,2011-09-03,Fall,0,9,no,Saturday,no,Clear,27.435847,31.66065,71.6667,12.416775,1935,2549,4484,Weekend,Hangat
247,2011-09-04,Fall,0,9,no,Sunday,no,Clear,29.075847,33.27145,74.20830000000001,13.833289,2521,2419,4940,Weekend,Hangat
248,2011-09-05,Fall,0,9,yes,Monday,no,Misty,27.606652999999998,31.282300000000003,79.0417,14.250632,1236,2115,3351,Holiday,Hangat
249,2011-09-06,Fall,0,9,no,Tuesday,yes,Light Snow/Rain,22.14,25.759999999999998,88.6957,23.044181,204,2506,2710,Workingday,Hangat
250,2011-09-07,Fall,0,9,no,Wednesday,yes,Light Snow/Rain,24.565847,27.21145,91.7083,6.500393600000001,118,1878,1996,Workingday,Hangat
251,2011-09-08,Fall,0,9,no,Thursday,yes,Light Snow/Rain,25.990433,27.76805,93.9565,12.914116,153,1689,1842,Workingday,Hangat
252,2011-09-09,Fall,0,9,no,Friday,yes,Misty,26.650000000000002,28.9473,89.79169999999999,8.333393000000001,417,3127,3544,Workingday,Hangat
253,2011-09-10,Fall,0,9,no,Saturday,no,Clear,27.060000000000002,30.3981,75.375,10.291736,1750,3595,5345,Weekend,Hangat
254,2011-09-11,Fall,0,9,no,Sunday,no,Clear,26.786653,30.46145,71.375,7.708618,1633,3413,5046,Weekend,Hangat
255,2011-09-12,Fall,0,9,no,Monday,yes,Clear,26.418268,30.106500000000004,69.2174,5.957171000000001,690,4023,4713,Workingday,Hangat
256,2011-09-13,Fall,0,9,no,Tuesday,yes,Clear,26.684153,30.1777,71.25,9.500868,701,4062,4763,Workingday,Hangat
257,2011-09-14,Fall,0,9,no,Wednesday,yes,Clear,27.606652999999998,31.345,69.7083,11.2091,647,4138,4785,Workingday,Hangat
258,2011-09-15,Fall,0,9,no,Thursday,yes,Misty,23.677500000000002,27.68355,70.9167,18.166782,428,3231,3659,Workingday,Hangat
259,2011-09-16,Fall,0,9,no,Friday,yes,Misty,19.235847,23.07375,59.0417,11.000261,742,4018,4760,Workingday,Sejuk
260,2011-09-17,Fall,0,9,no,Saturday,no,Misty,20.158347,23.9256,71.8333,12.708225,1434,3077,4511,Weekend,Hangat
261,2011-09-18,Fall,0,9,no,Sunday,no,Clear,20.807499999999997,24.52685,69.5,11.958361,1353,2921,4274,Weekend,Hangat
262,2011-09-19,Fall,0,9,no,Monday,yes,Misty,22.515846999999997,26.48375,69.0,10.166713999999999,691,3848,4539,Workingday,Hangat
263,2011-09-20,Fall,0,9,no,Tuesday,yes,Misty,23.028347,26.610850000000003,88.125,9.041917999999999,438,3203,3641,Workingday,Hangat
264,2011-09-21,Fall,0,9,no,Wednesday,yes,Misty,24.395,27.526650000000004,90.0,6.4590814,539,3813,4352,Workingday,Hangat
265,2011-09-22,Fall,0,9,no,Thursday,yes,Misty,25.761653000000003,27.74815,90.2083,8.584375,555,4240,4795,Workingday,Hangat
266,2011-09-23,Winter,0,9,no,Friday,yes,Misty,24.975847,26.106249999999996,97.25,5.2505689,258,2137,2395,Workingday,Hangat
267,2011-09-24,Winter,0,9,no,Saturday,no,Misty,24.873347,28.2206,86.25,5.2516811,1776,3647,5423,Weekend,Hangat
268,2011-09-25,Winter,0,9,no,Sunday,no,Misty,26.000847,28.631849999999996,84.5,3.3754064,1544,3466,5010,Weekend,Hangat
269,2011-09-26,Winter,0,9,no,Monday,yes,Misty,26.615847000000002,29.452099999999998,84.8333,7.4169,684,3946,4630,Workingday,Hangat
270,2011-09-27,Winter,0,9,no,Tuesday,yes,Misty,26.103347,28.726249999999997,88.5417,7.917457,477,3643,4120,Workingday,Hangat
271,2011-09-28,Winter,0,9,no,Wednesday,yes,Misty,26.035,28.757899999999996,84.875,9.958143000000002,480,3427,3907,Workingday,Hangat
272,2011-09-29,Winter,0,9,no,Thursday,yes,Clear,25.283347,28.7256,69.91669999999999,11.583161,653,4186,4839,Workingday,Hangat
273,2011-09-30,Winter,0,9,no,Friday,yes,Clear,23.130847,27.24145,64.75,13.833825,830,4372,5202,Workingday,Hangat
274,2011-10-01,Winter,0,10,no,Saturday,no,Misty,16.81,20.64315,75.375,19.583832,480,1949,2429,Weekend,Sejuk
275,2011-10-02,Winter,0,10,no,Sunday,no,Misty,14.623347,17.26585,79.1667,14.874870999999999,616,2302,2918,Weekend,Sejuk
276,2011-10-03,Winter,0,10,no,Monday,yes,Misty,15.750846999999998,19.6023,76.0833,5.5841686,330,3240,3570,Workingday,Sejuk
277,2011-10-04,Winter,0,10,no,Tuesday,yes,Clear,19.850847,23.6429,71.0,13.792218,486,3970,4456,Workingday,Sejuk
278,2011-10-05,Winter,0,10,no,Wednesday,yes,Clear,22.071652999999998,26.3569,64.79169999999999,11.87575,559,4267,4826,Workingday,Hangat
279,2011-10-06,Winter,0,10,no,Thursday,yes,Clear,20.260847000000002,24.02125,62.083299999999994,9.041917999999999,639,4126,4765,Workingday,Hangat
280,2011-10-07,Winter,0,10,no,Friday,yes,Clear,20.944153,25.2202,68.41669999999999,1.5002439,949,4036,4985,Workingday,Hangat
281,2011-10-08,Winter,0,10,no,Saturday,no,Clear,21.388347,25.6621,70.125,3.0420814,2235,3174,5409,Weekend,Hangat
282,2011-10-09,Winter,0,10,no,Sunday,no,Clear,22.174153,26.19915,72.75,4.251150000000001,2397,3114,5511,Weekend,Hangat
283,2011-10-10,Winter,0,10,yes,Monday,no,Clear,23.404153,27.14625,73.375,2.8343814,1514,3603,5117,Holiday,Hangat
284,2011-10-11,Winter,0,10,no,Tuesday,yes,Misty,23.233347000000002,27.3048,80.875,9.583814,667,3896,4563,Workingday,Hangat
285,2011-10-12,Winter,0,10,no,Wednesday,yes,Light Snow/Rain,22.276653,25.885849999999998,90.625,16.62605,217,2199,2416,Workingday,Hangat
286,2011-10-13,Winter,0,10,no,Thursday,yes,Misty,24.155847,27.5902,89.6667,9.499729,290,2623,2913,Workingday,Hangat
287,2011-10-14,Winter,0,10,no,Friday,yes,Misty,22.584153,26.48375,71.625,15.000161,529,3115,3644,Workingday,Hangat
288,2011-10-15,Winter,0,10,no,Saturday,no,Clear,20.773346999999998,24.936249999999998,48.3333,17.291561,1899,3318,5217,Weekend,Hangat
289,2011-10-16,Winter,0,10,no,Sunday,no,Clear,20.978347,25.1577,48.6667,18.875039,1748,3293,5041,Weekend,Hangat
290,2011-10-17,Winter,0,10,no,Monday,yes,Clear,21.900847,25.53625,57.958299999999994,11.750393,713,3857,4570,Workingday,Hangat
291,2011-10-18,Winter,0,10,no,Tuesday,yes,Misty,21.8325,26.13605,70.1667,7.375829,637,4111,4748,Workingday,Hangat
292,2011-10-19,Winter,0,10,no,Wednesday,yes,Light Snow/Rain,22.211299,25.6924,89.52170000000001,16.303713,254,2170,2424,Workingday,Hangat
293,2011-10-20,Winter,0,10,no,Thursday,yes,Clear,19.509153,23.32625,63.625,28.292425,471,3724,4195,Workingday,Sejuk
294,2011-10-21,Winter,0,10,no,Friday,yes,Clear,17.5275,21.1798,57.4167,14.833532,676,3628,4304,Workingday,Sejuk
295,2011-10-22,Winter,0,10,no,Saturday,no,Clear,17.322499999999998,21.2746,62.916700000000006,6.2086689,1499,2809,4308,Weekend,Sejuk
296,2011-10-23,Winter,0,10,no,Sunday,no,Clear,17.288347,21.11665,74.125,6.6673375,1619,2762,4381,Weekend,Sejuk
297,2011-10-24,Winter,0,10,no,Monday,yes,Clear,18.996653,22.85335,77.2083,7.959064,699,3488,4187,Workingday,Sejuk
298,2011-10-25,Winter,0,10,no,Tuesday,yes,Clear,19.338347,23.16875,62.291700000000006,11.166086,695,3992,4687,Workingday,Sejuk
299,2011-10-26,Winter,0,10,no,Wednesday,yes,Misty,19.850847,23.6423,72.04169999999999,9.959014,404,3490,3894,Workingday,Sejuk
300,2011-10-27,Winter,0,10,no,Thursday,yes,Misty,19.27,22.8523,81.2917,13.250121,240,2419,2659,Workingday,Sejuk
301,2011-10-28,Winter,0,10,no,Friday,yes,Misty,13.564153,15.9406,58.58330000000001,15.375093,456,3291,3747,Workingday,Sejuk
302,2011-10-29,Winter,0,10,no,Saturday,no,Light Snow/Rain,10.420846999999998,11.39565,88.25,23.541857,57,570,627,Weekend,Sejuk
303,2011-10-30,Winter,0,10,no,Sunday,no,Clear,13.085847,16.06645,62.375,11.833339,885,2446,3331,Weekend,Sejuk
304,2011-10-31,Winter,0,10,no,Monday,yes,Clear,13.940000000000001,17.803150000000002,70.3333,7.12545,362,3307,3669,Workingday,Sejuk
305,2011-11-01,Winter,0,11,no,Tuesday,yes,Clear,16.434153,19.8544,68.375,9.083257,410,3658,4068,Workingday,Sejuk
306,2011-11-02,Winter,0,11,no,Wednesday,yes,Clear,15.477500000000001,19.50665,71.875,5.5001439,370,3816,4186,Workingday,Sejuk
307,2011-11-03,Winter,0,11,no,Thursday,yes,Clear,16.741653,20.296049999999997,70.20830000000001,9.166739,318,3656,3974,Workingday,Sejuk
308,2011-11-04,Winter,0,11,no,Friday,yes,Misty,16.536653,20.1696,62.25000000000001,18.209193,470,3576,4046,Workingday,Sejuk
309,2011-11-05,Winter,0,11,no,Saturday,no,Clear,13.393346999999999,16.1927,51.916700000000006,12.667154,1156,2770,3926,Weekend,Sejuk
310,2011-11-06,Winter,0,11,no,Sunday,no,Clear,14.281653,18.117900000000002,73.4583,6.1676314,952,2697,3649,Weekend,Sejuk
311,2011-11-07,Winter,0,11,no,Monday,yes,Clear,16.195,20.04355,75.875,3.834075,373,3662,4035,Workingday,Sejuk
312,2011-11-08,Winter,0,11,no,Tuesday,yes,Clear,16.741653,20.6123,72.16669999999999,4.6255125,376,3829,4205,Workingday,Sejuk
313,2011-11-09,Winter,0,11,no,Wednesday,yes,Clear,16.400000000000002,20.453950000000003,75.83330000000001,4.1671186,305,3804,4109,Workingday,Sejuk
314,2011-11-10,Winter,0,11,no,Thursday,yes,Misty,15.58,18.68605,81.3333,12.667489000000002,190,2743,2933,Workingday,Sejuk
315,2011-11-11,Winter,0,11,yes,Friday,no,Clear,13.290847,15.34085,44.625,21.083225,440,2928,3368,Holiday,Sejuk
316,2011-11-12,Winter,0,11,no,Saturday,no,Clear,14.623347,17.8971,55.2917,14.208154,1275,2792,4067,Weekend,Sejuk
317,2011-11-13,Winter,0,11,no,Sunday,no,Clear,18.074153,21.5275,45.8333,18.875307,1004,2713,3717,Weekend,Sejuk
318,2011-11-14,Winter,0,11,no,Monday,yes,Clear,21.73,26.2306,58.7083,20.541932,595,3891,4486,Workingday,Hangat
319,2011-11-15,Winter,0,11,no,Tuesday,yes,Misty,21.73,25.37895,68.875,13.375411,449,3746,4195,Workingday,Hangat
320,2011-11-16,Winter,0,11,no,Wednesday,yes,Light Snow/Rain,18.723347,22.5994,93.0,9.167543,145,1672,1817,Workingday,Sejuk
321,2011-11-17,Winter,0,11,no,Thursday,yes,Misty,14.008347,16.16105,57.5833,20.459254,139,2914,3053,Workingday,Sejuk
322,2011-11-18,Winter,0,11,no,Friday,yes,Clear,11.240847,13.63605,41.0,11.291711,245,3147,3392,Workingday,Sejuk
323,2011-11-19,Winter,0,11,no,Saturday,no,Clear,13.495847,16.22415,50.208299999999994,15.041232,943,2720,3663,Weekend,Sejuk
324,2011-11-20,Winter,0,11,no,Sunday,no,Misty,18.996653,22.8529,68.45830000000001,12.45865,787,2733,3520,Weekend,Sejuk
325,2011-11-21,Winter,0,11,no,Monday,yes,Light Snow/Rain,18.3475,22.2531,91.0,9.249618,220,2545,2765,Workingday,Sejuk
326,2011-11-22,Winter,0,11,no,Tuesday,yes,Light Snow/Rain,17.083347,21.0848,96.25,7.959064,69,1538,1607,Workingday,Sejuk
327,2011-11-23,Winter,0,11,no,Wednesday,yes,Misty,18.074153,21.52685,75.79169999999999,22.500275,112,2454,2566,Workingday,Sejuk
328,2011-11-24,Winter,0,11,yes,Thursday,no,Clear,15.306653,18.62355,54.9167,11.209368000000001,560,935,1495,Holiday,Sejuk
329,2011-11-25,Winter,0,11,no,Friday,yes,Clear,15.375,19.033549999999998,64.375,6.6260186,1095,1697,2792,Workingday,Sejuk
330,2011-11-26,Winter,0,11,no,Saturday,no,Clear,15.409152999999998,19.254350000000002,68.1667,4.5841936,1249,1819,3068,Weekend,Sejuk
331,2011-11-27,Winter,0,11,no,Sunday,no,Clear,18.825847,22.79,69.8333,13.999918,810,2261,3071,Weekend,Sejuk
332,2011-11-28,Winter,0,11,no,Monday,yes,Clear,20.642598,24.5061,74.3043,9.522174,253,3614,3867,Workingday,Hangat
333,2011-11-29,Winter,0,11,no,Tuesday,yes,Misty,18.791653,22.56875,83.08330000000001,17.292164,96,2818,2914,Workingday,Sejuk
334,2011-11-30,Winter,0,11,no,Wednesday,yes,Clear,13.325000000000001,15.561050000000002,61.3333,18.167586,188,3425,3613,Workingday,Sejuk
335,2011-12-01,Winter,0,12,no,Thursday,yes,Clear,12.8125,15.2777,52.4583,14.750586,182,3545,3727,Workingday,Sejuk
336,2011-12-02,Winter,0,12,no,Friday,yes,Clear,12.880847,16.571649999999998,62.583299999999994,6.750518,268,3672,3940,Workingday,Sejuk
337,2011-12-03,Winter,0,12,no,Saturday,no,Clear,12.265847,15.530199999999999,61.291700000000006,6.4174811,706,2908,3614,Weekend,Sejuk
338,2011-12-04,Winter,0,12,no,Sunday,no,Clear,13.564153,17.455000000000002,77.5833,5.6252061,634,2851,3485,Weekend,Sejuk
339,2011-12-05,Winter,0,12,no,Monday,yes,Misty,15.819153,19.696250000000003,82.70830000000001,4.1679561000000005,233,3578,3811,Workingday,Sejuk
340,2011-12-06,Winter,0,12,no,Tuesday,yes,Light Snow/Rain,18.962500000000002,22.82,94.9583,15.583061,126,2468,2594,Workingday,Sejuk
341,2011-12-07,Winter,0,12,no,Wednesday,yes,Light Snow/Rain,16.81,20.0123,97.04169999999999,17.833725,50,655,705,Workingday,Sejuk
342,2011-12-08,Winter,0,12,no,Thursday,yes,Clear,10.899153,12.8469,57.99999999999999,16.083886,150,3172,3322,Workingday,Sejuk
343,2011-12-09,Winter,0,12,no,Friday,yes,Clear,11.924153,15.877099999999999,69.58330000000001,5.5420189,261,3359,3620,Workingday,Sejuk
344,2011-12-10,Winter,0,12,no,Saturday,no,Clear,11.275,13.320599999999999,50.74999999999999,15.625807,502,2688,3190,Weekend,Sejuk
345,2011-12-11,Winter,0,12,no,Sunday,no,Clear,9.054153,12.6577,49.0,4.458293899999999,377,2366,2743,Weekend,Dingin
346,2011-12-12,Winter,0,12,no,Monday,yes,Clear,9.771652999999999,13.5098,67.08330000000001,4.251150000000001,143,3167,3310,Workingday,Dingin
347,2011-12-13,Winter,0,12,no,Tuesday,yes,Clear,11.5825,15.0569,59.0,9.41685,155,3368,3523,Workingday,Sejuk
348,2011-12-14,Winter,0,12,no,Wednesday,yes,Misty,13.0175,16.9181,66.375,4.0842061,178,3562,3740,Workingday,Sejuk
349,2011-12-15,Winter,0,12,no,Thursday,yes,Misty,17.322499999999998,20.61185,63.416700000000006,17.958814,181,3528,3709,Workingday,Sejuk
350,2011-12-16,Winter,0,12,no,Friday,yes,Misty,15.375,17.99125,50.0417,17.458525,178,3399,3577,Workingday,Sejuk
351,2011-12-17,Winter,0,12,no,Saturday,no,Misty,10.591652999999999,12.46855,56.0833,16.292189,275,2464,2739,Weekend,Sejuk
352,2011-12-18,Winter,0,12,no,Sunday,no,Clear,9.771652999999999,12.27895,58.62500000000001,11.375193000000001,220,2211,2431,Weekend,Dingin
353,2011-12-19,Winter,0,12,no,Monday,yes,Clear,11.343347,14.04665,63.74999999999999,11.584031999999999,260,3143,3403,Workingday,Sejuk
354,2011-12-20,Winter,0,12,no,Tuesday,yes,Misty,15.819153,19.822699999999998,59.5417,4.1252436,216,3534,3750,Workingday,Sejuk
355,2011-12-21,Spring,0,12,no,Wednesday,yes,Misty,17.561653,21.40085,85.83330000000001,14.8338,107,2553,2660,Workingday,Sejuk
356,2011-12-22,Spring,0,12,no,Thursday,yes,Misty,17.356653,21.306050000000003,75.75,3.1674249999999997,227,2841,3068,Workingday,Sejuk
357,2011-12-23,Spring,0,12,no,Friday,yes,Clear,15.306653,18.87565,68.625,18.374482,163,2046,2209,Workingday,Sejuk
358,2011-12-24,Spring,0,12,no,Saturday,no,Clear,12.4025,14.9621,54.25,12.750368,155,856,1011,Weekend,Sejuk
359,2011-12-25,Spring,0,12,no,Sunday,no,Clear,11.266103,13.998050000000001,68.13040000000001,10.391097,303,451,754,Weekend,Sejuk
360,2011-12-26,Spring,0,12,yes,Monday,no,Clear,13.191299,15.77675,50.6957,16.044155,430,887,1317,Holiday,Sejuk
361,2011-12-27,Spring,0,12,no,Tuesday,yes,Misty,13.325000000000001,16.38165,76.25,12.62615,103,1059,1162,Workingday,Sejuk
362,2011-12-28,Spring,0,12,no,Wednesday,yes,Clear,12.264330000000001,13.9987,50.39130000000001,19.695386999999997,255,2047,2302,Workingday,Sejuk
363,2011-12-29,Spring,0,12,no,Thursday,yes,Clear,10.181653,13.194600000000001,57.4167,8.000604000000001,254,2169,2423,Workingday,Sejuk
364,2011-12-30,Spring,0,12,no,Friday,yes,Clear,12.778347000000002,15.9406,63.6667,9.000579,491,2508,2999,Workingday,Sejuk
365,2011-12-31,Spring,0,12,no,Saturday,no,Clear,16.81,20.70605,61.583299999999994,14.750318,665,1820,2485,Weekend,Sejuk
366,2012-01-01,Spring,1,1,no,Sunday,no,Clear,15.17,18.78105,69.25,12.875189,686,1608,2294,Weekend,Sejuk
367,2012-01-02,Spring,1,1,yes,Monday,no,Clear,11.194763,12.615199999999998,38.130399999999995,22.087555,244,1707,1951,Holiday,Sejuk
368,2012-01-03,Spring,1,1,no,Tuesday,yes,Clear,6.1499999999999995,6.31375,44.125,24.499957000000002,89,2147,2236,Workingday,Dingin
369,2012-01-04,Spring,1,1,no,Wednesday,yes,Misty,4.4075,5.96685,41.4583,12.3749,95,2273,2368,Workingday,Dingin
370,2012-01-05,Spring,1,1,no,Thursday,yes,Clear,10.899153,13.9206,52.416700000000006,8.709128999999999,140,3132,3272,Workingday,Sejuk
371,2012-01-06,Spring,1,1,no,Friday,yes,Clear,13.700847,17.01335,54.2083,11.249836,307,3791,4098,Workingday,Sejuk
372,2012-01-07,Spring,1,1,no,Saturday,no,Clear,16.126653,19.53895,53.1667,11.708786,1070,3451,4521,Weekend,Sejuk
373,2012-01-08,Spring,1,1,no,Sunday,no,Clear,13.8375,17.012900000000002,46.5,12.833314,599,2826,3425,Weekend,Sejuk
374,2012-01-09,Spring,1,1,no,Monday,yes,Misty,9.190847,12.37395,70.1667,6.6263000000000005,106,2270,2376,Workingday,Dingin
375,2012-01-10,Spring,1,1,no,Tuesday,yes,Clear,12.656536000000001,15.9413,64.65220000000001,12.565984,173,3425,3598,Workingday,Sejuk
376,2012-01-11,Spring,1,1,no,Wednesday,yes,Misty,11.240847,14.14105,84.75,8.791807,92,2085,2177,Workingday,Sejuk
377,2012-01-12,Spring,1,1,no,Thursday,yes,Misty,15.682500000000001,19.0969,80.2917,12.124789,269,3828,4097,Workingday,Sejuk
378,2012-01-13,Spring,1,1,no,Friday,yes,Clear,11.240847,12.4681,50.74999999999999,25.333236,174,3040,3214,Workingday,Sejuk
379,2012-01-14,Spring,1,1,no,Saturday,no,Clear,7.38,9.15435,45.75,12.541260999999999,333,2160,2493,Weekend,Dingin
380,2012-01-15,Spring,1,1,no,Sunday,no,Clear,6.833347000000001,8.081249999999999,41.9167,16.834286,284,2027,2311,Weekend,Dingin
381,2012-01-16,Spring,1,1,yes,Monday,no,Clear,7.79,9.53315,52.25,15.500986000000001,217,2081,2298,Holiday,Dingin
382,2012-01-17,Spring,1,1,no,Tuesday,yes,Misty,15.294763,18.2139,71.6087,23.39171,127,2808,2935,Workingday,Sejuk
383,2012-01-18,Spring,1,1,no,Wednesday,yes,Clear,12.436653000000002,13.7627,44.333299999999994,27.833743,109,3267,3376,Workingday,Sejuk
384,2012-01-19,Spring,1,1,no,Thursday,yes,Clear,7.79,9.501900000000001,49.75,14.750586,130,3162,3292,Workingday,Dingin
385,2012-01-20,Spring,1,1,no,Friday,yes,Misty,8.9175,11.047899999999998,45.0,13.58425,115,3048,3163,Workingday,Dingin
386,2012-01-21,Spring,1,1,no,Saturday,no,Misty,7.106653,8.74375,83.125,14.917014,67,1234,1301,Weekend,Dingin
387,2012-01-22,Spring,1,1,no,Sunday,no,Misty,6.6625000000000005,8.1125,79.625,13.375746000000001,196,1781,1977,Weekend,Dingin
388,2012-01-23,Spring,1,1,no,Monday,yes,Misty,8.951653,12.152899999999999,91.125,7.417436,145,2287,2432,Workingday,Dingin
389,2012-01-24,Spring,1,1,no,Tuesday,yes,Clear,14.0425,17.455399999999997,83.58330000000001,8.292389,439,3900,4339,Workingday,Sejuk
390,2012-01-25,Spring,1,1,no,Wednesday,yes,Clear,12.060847,14.74105,64.375,10.791756999999999,467,3803,4270,Workingday,Sejuk
391,2012-01-26,Spring,1,1,no,Thursday,yes,Misty,14.008347,17.8025,76.95830000000001,4.9175186,244,3831,4075,Workingday,Sejuk
392,2012-01-27,Spring,1,1,no,Friday,yes,Misty,17.425,20.76915,74.125,22.958689,269,3187,3456,Workingday,Sejuk
393,2012-01-28,Spring,1,1,no,Saturday,no,Clear,12.949152999999999,16.318949999999997,54.333299999999994,14.125542999999999,775,3248,4023,Weekend,Sejuk
394,2012-01-29,Spring,1,1,no,Sunday,no,Clear,11.5825,13.63605,31.125000000000004,16.08335,558,2685,3243,Weekend,Sejuk
395,2012-01-30,Spring,1,1,no,Monday,yes,Clear,11.035847,13.13125,40.0833,14.458064,126,3498,3624,Workingday,Sejuk
396,2012-01-31,Spring,1,1,no,Tuesday,yes,Clear,15.99,19.06585,41.6667,17.541739,324,4185,4509,Workingday,Sejuk
397,2012-02-01,Spring,1,2,no,Wednesday,yes,Clear,19.235847,23.326900000000002,50.79169999999999,12.667489000000002,304,4275,4579,Workingday,Sejuk
398,2012-02-02,Spring,1,2,no,Thursday,yes,Misty,16.365847,19.94855,67.29169999999999,12.541528999999999,190,3571,3761,Workingday,Sejuk
399,2012-02-03,Spring,1,2,no,Friday,yes,Clear,12.846652999999998,15.4673,52.6667,11.959232,310,3841,4151,Workingday,Sejuk
400,2012-02-04,Spring,1,2,no,Saturday,no,Misty,10.830846999999999,13.63625,77.95830000000001,8.167032,384,2448,2832,Weekend,Sejuk
401,2012-02-05,Spring,1,2,no,Sunday,no,Misty,10.899153,13.22605,68.7917,11.791732000000001,318,2629,2947,Weekend,Sejuk
402,2012-02-06,Spring,1,2,no,Monday,yes,Clear,11.586969,14.8213,62.2174,10.304599999999999,206,3578,3784,Workingday,Sejuk
403,2012-02-07,Spring,1,2,no,Tuesday,yes,Clear,14.520847,18.0552,49.625,9.874393000000001,199,4176,4375,Workingday,Sejuk
404,2012-02-08,Spring,1,2,no,Wednesday,yes,Misty,10.523347,13.321050000000001,72.2917,8.959307,109,2693,2802,Workingday,Sejuk
405,2012-02-09,Spring,1,2,no,Thursday,yes,Clear,10.865,13.0994,56.2083,13.000478999999999,163,3667,3830,Workingday,Sejuk
406,2012-02-10,Spring,1,2,no,Friday,yes,Misty,11.514153,14.6779,54.0,7.834243000000001,227,3604,3831,Workingday,Sejuk
407,2012-02-11,Spring,1,2,no,Saturday,no,Light Snow/Rain,9.190847,10.54335,73.125,19.416332,192,1977,2169,Weekend,Dingin
408,2012-02-12,Spring,1,2,no,Sunday,no,Clear,5.2275,5.0828999999999995,46.4583,27.417204,73,1456,1529,Weekend,Dingin
409,2012-02-13,Spring,1,2,no,Monday,yes,Clear,9.1225,11.39565,41.125,11.207961,94,3328,3422,Workingday,Dingin
410,2012-02-14,Spring,1,2,no,Tuesday,yes,Misty,13.085847,16.697300000000002,50.875,9.458993,135,3787,3922,Workingday,Sejuk
411,2012-02-15,Spring,1,2,no,Wednesday,yes,Clear,14.281653,17.58145,53.125,12.167200000000001,141,4028,4169,Workingday,Sejuk
412,2012-02-16,Spring,1,2,no,Thursday,yes,Misty,12.983346999999998,16.5081,75.29169999999999,6.125475000000001,74,2931,3005,Workingday,Sejuk
413,2012-02-17,Spring,1,2,no,Friday,yes,Clear,14.076653,17.58145,63.4583,13.791682,349,3805,4154,Workingday,Sejuk
414,2012-02-18,Spring,1,2,no,Saturday,no,Clear,14.213347,17.77125,53.4583,12.792243,1435,2883,4318,Weekend,Sejuk
415,2012-02-19,Spring,1,2,no,Sunday,no,Misty,11.48,13.2894,51.5833,16.958504,618,2071,2689,Weekend,Sejuk
416,2012-02-20,Spring,1,2,yes,Monday,no,Clear,11.48,13.66955,50.7826,15.348561,502,2627,3129,Holiday,Sejuk
417,2012-02-21,Spring,1,2,no,Tuesday,yes,Clear,11.800866000000001,14.755650000000001,59.434799999999996,13.783039,163,3614,3777,Workingday,Sejuk
418,2012-02-22,Spring,1,2,no,Wednesday,yes,Clear,16.229153,19.63335,56.7917,15.709557,394,4379,4773,Workingday,Sejuk
419,2012-02-23,Spring,1,2,no,Thursday,yes,Clear,18.620846999999998,22.2223,55.45830000000001,12.791171,516,4546,5062,Workingday,Sejuk
420,2012-02-24,Spring,1,2,no,Friday,yes,Misty,16.7075,20.54855,73.75,15.916989,246,3241,3487,Workingday,Sejuk
421,2012-02-25,Spring,1,2,no,Saturday,no,Clear,11.924153,12.78375,39.5833,28.250014,317,2415,2732,Weekend,Sejuk
422,2012-02-26,Spring,1,2,no,Sunday,no,Clear,11.445847,13.4154,41.0,13.750342999999999,515,2874,3389,Weekend,Sejuk
423,2012-02-27,Spring,1,2,no,Monday,yes,Clear,15.033347000000001,17.8977,49.0833,17.958211000000002,253,4069,4322,Workingday,Sejuk
424,2012-02-28,Spring,1,2,no,Tuesday,yes,Clear,14.725847,17.67625,39.5833,12.958939,229,4134,4363,Workingday,Sejuk
425,2012-02-29,Spring,1,2,no,Wednesday,yes,Misty,14.118267999999999,17.4235,80.4783,12.000839,65,1769,1834,Workingday,Sejuk
426,2012-03-01,Spring,1,3,no,Thursday,yes,Clear,19.919153,23.768549999999998,61.5417,15.208129,325,4665,4990,Workingday,Sejuk
427,2012-03-02,Spring,1,3,no,Friday,yes,Misty,14.486653,17.9921,65.7083,9.708568,246,2948,3194,Workingday,Sejuk
428,2012-03-03,Spring,1,3,no,Saturday,no,Misty,16.980847,20.6746,62.125,10.792293,956,3110,4066,Weekend,Sejuk
429,2012-03-04,Spring,1,3,no,Sunday,no,Clear,13.359153,15.15105,40.3333,22.416257,710,2713,3423,Weekend,Sejuk
430,2012-03-05,Spring,1,3,no,Monday,yes,Clear,9.976652999999999,12.05855,50.625,15.333486,203,3130,3333,Workingday,Dingin
431,2012-03-06,Spring,1,3,no,Tuesday,yes,Clear,10.591652999999999,12.752099999999999,45.6667,13.458625,221,3735,3956,Workingday,Sejuk
432,2012-03-07,Spring,1,3,no,Wednesday,yes,Clear,16.570847,19.255,51.3333,23.167193,432,4484,4916,Workingday,Sejuk
433,2012-03-08,Spring,1,3,no,Thursday,yes,Clear,21.627499999999998,26.230199999999996,56.75,29.584721,486,4896,5382,Workingday,Hangat
434,2012-03-09,Spring,1,3,no,Friday,yes,Misty,16.844153,19.85415,40.708299999999994,27.7916,447,4122,4569,Workingday,Sejuk
435,2012-03-10,Spring,1,3,no,Saturday,no,Clear,11.7875,13.888349999999999,35.0417,15.125250000000001,968,3150,4118,Weekend,Sejuk
436,2012-03-11,Spring,1,3,no,Sunday,no,Clear,14.831299,17.9835,47.6957,14.913329000000001,1658,3253,4911,Weekend,Sejuk
437,2012-03-12,Spring,1,3,no,Monday,yes,Clear,19.133347,22.9796,48.9167,13.916771,838,4460,5298,Workingday,Sejuk
438,2012-03-13,Spring,1,3,no,Tuesday,yes,Clear,23.165,27.14645,61.75000000000001,15.87565,762,5085,5847,Workingday,Hangat
439,2012-03-14,Spring,1,3,no,Wednesday,yes,Clear,23.4725,27.43085,50.708299999999994,7.709154,997,5315,6312,Workingday,Hangat
440,2012-03-15,Spring,1,3,no,Thursday,yes,Clear,22.857499999999998,26.64125,57.958299999999994,10.042161,1005,5187,6192,Workingday,Hangat
441,2012-03-16,Spring,1,3,no,Friday,yes,Misty,17.869153,21.81145,84.20830000000001,7.583864,548,3830,4378,Workingday,Sejuk
442,2012-03-17,Spring,1,3,no,Saturday,no,Misty,21.080847000000002,25.252299999999998,75.5833,7.417168,3155,4681,7836,Weekend,Hangat
443,2012-03-18,Spring,1,3,no,Sunday,no,Misty,19.3725,23.200000000000003,81.0,8.501161,2207,3685,5892,Weekend,Sejuk
444,2012-03-19,Spring,1,3,no,Monday,yes,Clear,22.345000000000002,26.64105,72.875,10.875238999999999,982,5171,6153,Workingday,Hangat
445,2012-03-20,Spring,1,3,no,Tuesday,yes,Clear,22.994153,26.926650000000002,80.7917,8.125157,1051,5042,6093,Workingday,Hangat
446,2012-03-21,Summer,1,3,no,Wednesday,yes,Misty,21.798347,25.6629,82.125,6.000406099999999,1122,5108,6230,Workingday,Hangat
447,2012-03-22,Summer,1,3,no,Thursday,yes,Clear,22.720847,26.57835,83.125,7.876654,1334,5537,6871,Workingday,Hangat
448,2012-03-23,Summer,1,3,no,Friday,yes,Misty,24.668346999999997,28.50335,69.41669999999999,7.7921000000000005,2469,5893,8362,Workingday,Hangat
449,2012-03-24,Summer,1,3,no,Saturday,no,Misty,20.6025,24.336650000000002,88.5417,12.916461,1033,2339,3372,Weekend,Hangat
450,2012-03-25,Summer,1,3,no,Sunday,no,Misty,17.9375,21.874399999999998,88.0833,14.791924999999999,1532,3464,4996,Weekend,Sejuk
451,2012-03-26,Summer,1,3,no,Monday,yes,Clear,18.279153,21.9375,47.7917,25.917007,795,4763,5558,Workingday,Sejuk
452,2012-03-27,Summer,1,3,no,Tuesday,yes,Clear,13.256653,15.7827,28.999999999999996,12.541864,531,4571,5102,Workingday,Sejuk
453,2012-03-28,Summer,1,3,no,Wednesday,yes,Clear,19.850847,23.5475,48.125,19.541957,674,5024,5698,Workingday,Sejuk
454,2012-03-29,Summer,1,3,no,Thursday,yes,Clear,20.260847000000002,24.1152,43.9167,21.41655,834,5299,6133,Workingday,Hangat
455,2012-03-30,Summer,1,3,no,Friday,yes,Misty,15.17,18.78105,58.0833,9.250489,796,4663,5459,Workingday,Sejuk
456,2012-03-31,Summer,1,3,no,Saturday,no,Misty,17.390847,21.0854,73.83330000000001,16.791338999999997,2301,3934,6235,Weekend,Sejuk
457,2012-04-01,Summer,1,4,no,Sunday,no,Misty,17.459153,20.86435,67.625,11.541889,2347,3694,6041,Weekend,Sejuk
458,2012-04-02,Summer,1,4,no,Monday,yes,Clear,17.790433,21.37565,50.4348,20.913313,1208,4728,5936,Workingday,Sejuk
459,2012-04-03,Summer,1,4,no,Tuesday,yes,Clear,19.133347,23.07415,39.6667,6.708911,1348,5424,6772,Workingday,Sejuk
460,2012-04-04,Summer,1,4,no,Wednesday,yes,Clear,22.208347,26.6725,46.958299999999994,12.125325,1058,5378,6436,Workingday,Hangat
461,2012-04-05,Summer,1,4,no,Thursday,yes,Clear,17.835,21.55815,37.416700000000006,14.708443,1192,5265,6457,Workingday,Sejuk
462,2012-04-06,Summer,1,4,no,Friday,yes,Clear,16.536653,19.538349999999998,37.7083,20.125996,1807,4653,6460,Workingday,Sejuk
463,2012-04-07,Summer,1,4,no,Saturday,no,Clear,17.9375,21.306449999999998,25.4167,18.416356999999998,3252,3605,6857,Weekend,Sejuk
464,2012-04-08,Summer,1,4,no,Sunday,no,Clear,20.5,24.62125,27.5833,15.583931999999999,2230,2939,5169,Weekend,Hangat
465,2012-04-09,Summer,1,4,no,Monday,yes,Clear,20.055847,23.8319,31.75,23.999132,905,4680,5585,Workingday,Hangat
466,2012-04-10,Summer,1,4,no,Tuesday,yes,Clear,18.313347,21.81165,43.5,16.708125000000003,819,5099,5918,Workingday,Sejuk
467,2012-04-11,Summer,1,4,no,Wednesday,yes,Clear,14.296536,16.8637,46.9565,19.783358,482,4380,4862,Workingday,Sejuk
468,2012-04-12,Summer,1,4,no,Thursday,yes,Clear,16.2975,19.3802,46.625,19.458743,663,4746,5409,Workingday,Sejuk
469,2012-04-13,Summer,1,4,no,Friday,yes,Clear,18.142500000000002,21.590400000000002,40.8333,10.416557,1252,5146,6398,Workingday,Sejuk
470,2012-04-14,Summer,1,4,no,Saturday,no,Clear,20.294999999999998,24.3998,50.29169999999999,12.791439,2795,4665,7460,Weekend,Hangat
471,2012-04-15,Summer,1,4,no,Sunday,no,Clear,24.873347,28.69375,50.79169999999999,15.083643,2846,4286,7132,Weekend,Hangat
472,2012-04-16,Summer,1,4,yes,Monday,no,Clear,27.230846999999997,30.746250000000003,56.166700000000006,19.083543,1198,5172,6370,Holiday,Hangat
473,2012-04-17,Summer,1,4,no,Tuesday,yes,Clear,24.941653000000002,29.92435,39.0417,18.333143,989,5702,6691,Workingday,Hangat
474,2012-04-18,Summer,1,4,no,Wednesday,yes,Misty,18.996653,22.8519,56.9167,11.250104,347,4020,4367,Workingday,Sejuk
475,2012-04-19,Summer,1,4,no,Thursday,yes,Clear,20.431653,24.6523,61.25000000000001,4.417256399999999,846,5719,6565,Workingday,Hangat
476,2012-04-20,Summer,1,4,no,Friday,yes,Clear,21.593347,25.78875,69.4583,10.041357,1340,5950,7290,Workingday,Hangat
477,2012-04-21,Summer,1,4,no,Saturday,no,Clear,23.369999999999997,27.14605,68.2917,19.000328999999997,2541,4083,6624,Weekend,Hangat
478,2012-04-22,Summer,1,4,no,Sunday,no,Light Snow/Rain,16.263347,19.4752,83.54169999999999,23.084582,120,907,1027,Weekend,Sejuk
479,2012-04-23,Summer,1,4,no,Monday,yes,Misty,13.188346999999998,15.056249999999999,76.66669999999999,20.334232,195,3019,3214,Workingday,Sejuk
480,2012-04-24,Summer,1,4,no,Tuesday,yes,Clear,16.946653,20.26415,45.4167,16.708661,518,5115,5633,Workingday,Sejuk
481,2012-04-25,Summer,1,4,no,Wednesday,yes,Clear,19.543347,23.51585,42.7917,7.959064,655,5541,6196,Workingday,Sejuk
482,2012-04-26,Summer,1,4,no,Thursday,yes,Misty,20.431653,24.17915,75.66669999999999,11.833875,475,4551,5026,Workingday,Hangat
483,2012-04-27,Summer,1,4,no,Friday,yes,Clear,18.7575,22.63185,40.0833,23.291411,1014,5219,6233,Workingday,Sejuk
484,2012-04-28,Summer,1,4,no,Saturday,no,Misty,15.443347,18.8752,48.9583,8.708325,1120,3100,4220,Weekend,Sejuk
485,2012-04-29,Summer,1,4,no,Sunday,no,Clear,18.791653,22.50605,58.7083,7.8328359999999995,2229,4075,6304,Weekend,Sejuk
486,2012-04-30,Summer,1,4,no,Monday,yes,Misty,19.030847,22.8848,56.99999999999999,11.499746,665,4907,5572,Workingday,Sejuk
487,2012-05-01,Summer,1,5,no,Tuesday,yes,Misty,25.146653,28.85105,65.95830000000001,10.458432,653,5087,5740,Workingday,Hangat
488,2012-05-02,Summer,1,5,no,Wednesday,yes,Clear,23.130847,26.894800000000004,79.7083,9.249885999999998,667,5502,6169,Workingday,Hangat
489,2012-05-03,Summer,1,5,no,Thursday,yes,Misty,22.96,26.862099999999998,76.83330000000001,8.957632,764,5657,6421,Workingday,Hangat
490,2012-05-04,Summer,1,5,no,Friday,yes,Clear,25.7275,29.54585,73.54169999999999,10.916846,1069,5227,6296,Workingday,Hangat
491,2012-05-05,Summer,1,5,no,Saturday,no,Misty,25.488346999999997,29.2304,75.66669999999999,10.250464,2496,4387,6883,Weekend,Hangat
492,2012-05-06,Summer,1,5,no,Sunday,no,Misty,23.0625,27.336850000000002,74.0,10.041893,2135,4224,6359,Weekend,Hangat
493,2012-05-07,Summer,1,5,no,Monday,yes,Misty,22.037499999999998,26.3571,66.41669999999999,15.458307000000001,1008,5265,6273,Workingday,Hangat
494,2012-05-08,Summer,1,5,no,Tuesday,yes,Misty,23.848347,27.87355,68.58330000000001,19.833942999999998,738,4990,5728,Workingday,Hangat
495,2012-05-09,Summer,1,5,no,Wednesday,yes,Misty,23.575,27.65125,74.4167,14.499604,620,4097,4717,Workingday,Hangat
496,2012-05-10,Summer,1,5,no,Thursday,yes,Clear,20.739152999999998,24.58915,55.2083,21.042220999999998,1026,5546,6572,Workingday,Hangat
497,2012-05-11,Summer,1,5,no,Friday,yes,Clear,21.866653,26.04165,36.0417,15.874779,1319,5711,7030,Workingday,Hangat
498,2012-05-12,Summer,1,5,no,Saturday,no,Clear,23.130847,27.24085,48.0417,8.249911,2622,4807,7429,Weekend,Hangat
499,2012-05-13,Summer,1,5,no,Sunday,no,Clear,25.1125,29.2619,57.62500000000001,15.082839,2172,3946,6118,Weekend,Hangat
500,2012-05-14,Summer,1,5,no,Monday,yes,Misty,23.506653,27.495000000000005,78.95830000000001,14.250364,342,2501,2843,Workingday,Hangat
501,2012-05-15,Summer,1,5,no,Tuesday,yes,Misty,25.078346999999997,28.8202,79.45830000000001,9.875264,625,4490,5115,Workingday,Hangat
502,2012-05-16,Summer,1,5,no,Wednesday,yes,Clear,26.103347,29.798750000000002,69.7917,8.208304,991,6433,7424,Workingday,Hangat
503,2012-05-17,Summer,1,5,no,Thursday,yes,Clear,24.326653,28.630650000000003,52.0,15.374825000000001,1242,6142,7384,Workingday,Hangat
504,2012-05-18,Summer,1,5,no,Friday,yes,Clear,23.130847,27.55605,52.33330000000001,9.166739,1521,6118,7639,Workingday,Hangat
505,2012-05-19,Summer,1,5,no,Saturday,no,Clear,24.599999999999998,28.345399999999998,45.625,5.626325,3410,4884,8294,Weekend,Hangat
506,2012-05-20,Summer,1,5,no,Sunday,no,Clear,25.454152999999998,29.19835,53.041700000000006,17.042589,2704,4425,7129,Weekend,Hangat
507,2012-05-21,Summer,1,5,no,Monday,yes,Misty,24.531653,28.283350000000002,81.125,15.624668,630,3729,4359,Workingday,Hangat
508,2012-05-22,Summer,1,5,no,Tuesday,yes,Misty,25.215,29.04125,76.5833,7.917189,819,5254,6073,Workingday,Hangat
509,2012-05-23,Summer,1,5,no,Wednesday,yes,Misty,25.488346999999997,29.230600000000003,77.45830000000001,6.834,766,4494,5260,Workingday,Hangat
510,2012-05-24,Summer,1,5,no,Thursday,yes,Clear,26.855,30.335,71.6667,11.584031999999999,1059,5711,6770,Workingday,Hangat
511,2012-05-25,Summer,1,5,no,Friday,yes,Clear,27.880000000000003,31.37645,74.70830000000001,9.41685,1417,5317,6734,Workingday,Hangat
512,2012-05-26,Summer,1,5,no,Saturday,no,Clear,28.392500000000002,32.134800000000006,73.25,13.332464,2855,3681,6536,Weekend,Hangat
513,2012-05-27,Summer,1,5,no,Sunday,no,Clear,28.29,32.07125,69.7083,14.416457,3283,3308,6591,Weekend,Hangat
514,2012-05-28,Summer,1,5,yes,Monday,no,Clear,29.212500000000002,33.965,67.625,13.166907,2557,3486,6043,Holiday,Hangat
515,2012-05-29,Summer,1,5,no,Tuesday,yes,Clear,29.622500000000002,33.6496,68.45830000000001,19.7918,880,4863,5743,Workingday,Hangat
516,2012-05-30,Summer,1,5,no,Wednesday,yes,Misty,26.923347,30.55645,67.0,9.000043,745,6110,6855,Workingday,Hangat
517,2012-05-31,Summer,1,5,no,Thursday,yes,Clear,27.880000000000003,31.566450000000003,49.2917,13.083693,1100,6238,7338,Workingday,Hangat
518,2012-06-01,Summer,1,6,no,Friday,yes,Misty,26.820847,30.3981,75.5417,15.916720999999999,533,3594,4127,Workingday,Hangat
519,2012-06-02,Summer,1,6,no,Saturday,no,Clear,23.916653,28.3144,54.9167,12.499654,2795,5325,8120,Weekend,Hangat
520,2012-06-03,Summer,1,6,no,Sunday,no,Clear,24.7025,28.75665,49.3333,12.333829,2494,5147,7641,Weekend,Hangat
521,2012-06-04,Summer,1,6,no,Monday,yes,Clear,24.497500000000002,28.91415,48.7083,19.083811,1071,5927,6998,Workingday,Hangat
522,2012-06-05,Summer,1,6,no,Tuesday,yes,Misty,22.174153,26.294600000000003,61.3333,14.041525,968,6033,7001,Workingday,Hangat
523,2012-06-06,Summer,1,6,no,Wednesday,yes,Clear,22.720847,27.1146,61.12499999999999,5.167375,1027,6028,7055,Workingday,Hangat
524,2012-06-07,Summer,1,6,no,Thursday,yes,Clear,24.7025,28.4721,56.7083,10.542449999999999,1038,6456,7494,Workingday,Hangat
525,2012-06-08,Summer,1,6,no,Friday,yes,Clear,26.615847000000002,29.8931,46.791700000000006,11.750661000000001,1488,6248,7736,Workingday,Hangat
526,2012-06-09,Summer,1,6,no,Saturday,no,Clear,29.144153000000003,32.418350000000004,43.7083,9.667229,2708,4790,7498,Weekend,Hangat
527,2012-06-10,Summer,1,6,no,Sunday,no,Clear,29.793346999999997,33.175850000000004,53.833299999999994,8.959307,2224,4374,6598,Weekend,Hangat
528,2012-06-11,Summer,1,6,no,Monday,yes,Misty,29.554153,32.98605,58.791700000000006,13.916771,1017,5647,6664,Workingday,Hangat
529,2012-06-12,Summer,1,6,no,Tuesday,yes,Misty,26.786653,29.89375,83.3333,14.374581999999998,477,4495,4972,Workingday,Hangat
530,2012-06-13,Summer,1,6,no,Wednesday,yes,Clear,26.889153,30.55585,58.2083,22.999693,1173,6248,7421,Workingday,Hangat
531,2012-06-14,Summer,1,6,no,Thursday,yes,Clear,26.581653000000003,31.219150000000003,56.958299999999994,17.000111,1180,6183,7363,Workingday,Hangat
532,2012-06-15,Summer,1,6,no,Friday,yes,Clear,26.205847000000002,29.9877,58.958299999999994,11.833339,1563,6102,7665,Workingday,Hangat
533,2012-06-16,Summer,1,6,no,Saturday,no,Clear,25.898346999999998,29.735400000000002,50.416700000000006,11.166689,2963,4739,7702,Weekend,Hangat
534,2012-06-17,Summer,1,6,no,Sunday,no,Clear,24.2925,28.59875,59.875,9.708568,2634,4344,6978,Weekend,Hangat
535,2012-06-18,Summer,1,6,no,Monday,yes,Misty,23.301652999999998,27.2421,77.79169999999999,11.707982000000001,653,4446,5099,Workingday,Hangat
536,2012-06-19,Summer,1,6,no,Tuesday,yes,Clear,28.221653,32.7346,69.0,9.917139,968,5857,6825,Workingday,Hangat
537,2012-06-20,Summer,1,6,no,Wednesday,yes,Clear,32.082499999999996,36.04875,59.2083,7.625404,872,5339,6211,Workingday,Panas
538,2012-06-21,Fall,1,6,no,Thursday,yes,Clear,33.039153,37.6271,56.7917,7.958729,778,5127,5905,Workingday,Panas
539,2012-06-22,Fall,1,6,no,Friday,yes,Clear,31.877499999999998,36.20605,57.375,12.250414000000001,964,4859,5823,Workingday,Panas
540,2012-06-23,Fall,1,6,no,Saturday,no,Clear,29.998347,32.6396,53.4583,12.041307,2657,4801,7458,Weekend,Hangat
541,2012-06-24,Fall,1,6,no,Sunday,no,Clear,30.476653000000002,33.7127,47.9167,9.750174999999999,2551,4340,6891,Weekend,Panas
542,2012-06-25,Fall,1,6,no,Monday,yes,Clear,29.349153,32.7021,50.416700000000006,20.125661,1139,5640,6779,Workingday,Hangat
543,2012-06-26,Fall,1,6,no,Tuesday,yes,Clear,25.864152999999998,29.7352,37.3333,23.292014,1077,6365,7442,Workingday,Hangat
544,2012-06-27,Fall,1,6,no,Wednesday,yes,Clear,28.5975,32.0396,36.0,18.208925,1077,6258,7335,Workingday,Hangat
545,2012-06-28,Fall,1,6,no,Thursday,yes,Clear,30.715847,33.7756,42.25,11.50055,921,5958,6879,Workingday,Panas
546,2012-06-29,Fall,1,6,no,Friday,yes,Clear,34.200847,39.33065,48.875,11.082939000000001,829,4634,5463,Workingday,Panas
547,2012-06-30,Fall,1,6,no,Saturday,no,Clear,31.365000000000002,34.3754,60.12499999999999,10.791756999999999,1455,4232,5687,Weekend,Panas
548,2012-07-01,Fall,1,7,no,Sunday,no,Clear,33.449153,37.53145,51.87500000000001,11.291443000000001,1421,4110,5531,Weekend,Panas
549,2012-07-02,Fall,1,7,no,Monday,yes,Clear,32.048347,35.1019,44.7083,13.082889,904,5323,6227,Workingday,Panas
550,2012-07-03,Fall,1,7,no,Tuesday,yes,Clear,32.014153,35.1325,49.2083,8.457878999999998,1052,5608,6660,Workingday,Panas
551,2012-07-04,Fall,1,7,yes,Wednesday,no,Clear,32.355847,36.61685,53.87499999999999,9.041649999999999,2562,4841,7403,Holiday,Panas
552,2012-07-05,Fall,1,7,no,Thursday,yes,Clear,33.9275,38.06835,45.7917,12.999943,1405,4836,6241,Workingday,Panas
553,2012-07-06,Fall,1,7,no,Friday,yes,Clear,33.961653,37.62665,45.0833,9.791514,1366,4841,6207,Workingday,Panas
554,2012-07-07,Fall,1,7,no,Saturday,no,Clear,35.328347,40.24565,49.2083,10.958118,1448,3392,4840,Weekend,Panas
555,2012-07-08,Fall,1,7,no,Sunday,no,Clear,33.722500000000004,39.5198,57.375,8.417143,1203,3469,4672,Weekend,Panas
556,2012-07-09,Fall,1,7,no,Monday,yes,Misty,29.144153000000003,32.7027,68.3333,12.125325,998,5571,6569,Workingday,Hangat
557,2012-07-10,Fall,1,7,no,Tuesday,yes,Misty,29.554153,33.2398,66.75,10.166379000000001,954,5336,6290,Workingday,Hangat
558,2012-07-11,Fall,1,7,no,Wednesday,yes,Clear,29.383347,32.51355,63.3333,10.166111,975,6289,7264,Workingday,Hangat
559,2012-07-12,Fall,1,7,no,Thursday,yes,Clear,29.349153,32.73415,52.9583,9.833924999999999,1032,6414,7446,Workingday,Hangat
560,2012-07-13,Fall,1,7,no,Friday,yes,Misty,29.998347,33.39665,48.5833,5.41695,1511,5988,7499,Workingday,Hangat
561,2012-07-14,Fall,1,7,no,Saturday,no,Misty,28.836653,33.3021,69.91669999999999,9.626493,2355,4614,6969,Weekend,Hangat
562,2012-07-15,Fall,1,7,no,Sunday,no,Clear,30.579152999999998,35.259800000000006,71.7917,11.166689,1920,4111,6031,Weekend,Panas
563,2012-07-16,Fall,1,7,no,Monday,yes,Clear,31.296653000000003,36.206250000000004,64.5,11.000529,1088,5742,6830,Workingday,Panas
564,2012-07-17,Fall,1,7,no,Tuesday,yes,Clear,33.551653,37.78415,50.583299999999994,7.666743,921,5865,6786,Workingday,Panas
565,2012-07-18,Fall,1,7,no,Wednesday,yes,Clear,32.526652999999996,37.27915,57.7083,9.208614,799,4914,5713,Workingday,Panas
566,2012-07-19,Fall,1,7,no,Thursday,yes,Clear,31.57,35.7321,60.0417,11.083743,888,5703,6591,Workingday,Panas
567,2012-07-20,Fall,1,7,no,Friday,yes,Misty,27.299153,30.65125,84.4167,14.000789000000001,747,5123,5870,Workingday,Hangat
568,2012-07-21,Fall,1,7,no,Saturday,no,Light Snow/Rain,24.429153,27.495599999999996,86.5417,14.2911,1264,3195,4459,Weekend,Hangat
569,2012-07-22,Fall,1,7,no,Sunday,no,Misty,27.3675,31.156250000000004,76.25,6.2926936,2544,4866,7410,Weekend,Hangat
570,2012-07-23,Fall,1,7,no,Monday,yes,Clear,30.408347,34.50085,69.41669999999999,9.291761,1135,5831,6966,Workingday,Panas
571,2012-07-24,Fall,1,7,no,Tuesday,yes,Clear,30.784153,35.3225,65.5,14.167418,1140,6452,7592,Workingday,Panas
572,2012-07-25,Fall,1,7,no,Wednesday,yes,Clear,29.690847,32.7027,45.0,11.0416,1383,6790,8173,Workingday,Hangat
573,2012-07-26,Fall,1,7,no,Thursday,yes,Clear,31.843347,36.96315,59.66669999999999,19.082470999999998,1036,5825,6861,Workingday,Panas
574,2012-07-27,Fall,1,7,no,Friday,yes,Clear,32.048347,36.71085,59.458299999999994,10.250464,1259,5645,6904,Workingday,Panas
575,2012-07-28,Fall,1,7,no,Saturday,no,Clear,30.989152999999998,34.8802,61.3333,10.542449999999999,2234,4451,6685,Weekend,Panas
576,2012-07-29,Fall,1,7,no,Sunday,no,Clear,29.588347,33.39665,62.375,11.416532,2153,4444,6597,Weekend,Hangat
577,2012-07-30,Fall,1,7,no,Monday,yes,Clear,29.964153,34.24935,66.875,10.292339,1040,6065,7105,Workingday,Hangat
578,2012-07-31,Fall,1,7,no,Tuesday,yes,Clear,29.246653,33.144800000000004,70.41669999999999,11.083475,968,6248,7216,Workingday,Hangat
579,2012-08-01,Fall,1,8,no,Wednesday,yes,Clear,29.4175,33.3654,67.75,9.458993,1074,6506,7580,Workingday,Hangat
580,2012-08-02,Fall,1,8,no,Thursday,yes,Clear,30.8525,35.354400000000005,65.95830000000001,8.666718,983,6278,7261,Workingday,Panas
581,2012-08-03,Fall,1,8,no,Friday,yes,Misty,31.399153,36.143350000000005,64.25,14.458064,1328,5847,7175,Workingday,Panas
582,2012-08-04,Fall,1,8,no,Saturday,no,Clear,32.526652999999996,37.56335,61.3333,17.249686,2345,4479,6824,Weekend,Panas
583,2012-08-05,Fall,1,8,no,Sunday,no,Clear,31.535847,36.55395,65.25,19.458206999999998,1707,3757,5464,Weekend,Panas
584,2012-08-06,Fall,1,8,no,Monday,yes,Misty,30.8525,35.5123,65.4167,8.666718,1233,5780,7013,Workingday,Panas
585,2012-08-07,Fall,1,8,no,Tuesday,yes,Misty,30.169152999999998,34.88105,70.375,7.8328359999999995,1278,5995,7273,Workingday,Panas
586,2012-08-08,Fall,1,8,no,Wednesday,yes,Misty,30.75,35.385850000000005,67.29169999999999,7.4169,1263,6271,7534,Workingday,Panas
587,2012-08-09,Fall,1,8,no,Thursday,yes,Clear,30.989152999999998,34.9754,62.0417,10.458699999999999,1196,6090,7286,Workingday,Panas
588,2012-08-10,Fall,1,8,no,Friday,yes,Misty,29.349153,33.3971,71.58330000000001,16.000471,1065,4721,5786,Workingday,Hangat
589,2012-08-11,Fall,1,8,no,Saturday,no,Misty,28.392500000000002,31.91335,73.2917,13.834093,2247,4052,6299,Weekend,Hangat
590,2012-08-12,Fall,1,8,no,Sunday,no,Clear,28.734153000000003,32.22895,53.041700000000006,8.208304,2182,4362,6544,Weekend,Hangat
591,2012-08-13,Fall,1,8,no,Monday,yes,Clear,29.554153,33.112700000000004,54.541700000000006,9.126204,1207,5676,6883,Workingday,Hangat
592,2012-08-14,Fall,1,8,no,Tuesday,yes,Clear,29.793346999999997,33.838950000000004,68.6667,11.333586,1128,5656,6784,Workingday,Hangat
593,2012-08-15,Fall,1,8,no,Wednesday,yes,Clear,28.973347,32.70185,61.9583,11.374657000000001,1198,6149,7347,Workingday,Hangat
594,2012-08-16,Fall,1,8,no,Thursday,yes,Clear,29.485847,32.7344,51.916700000000006,9.500332,1338,6267,7605,Workingday,Hangat
595,2012-08-17,Fall,1,8,no,Friday,yes,Clear,29.656653,12.120000000000001,57.0833,15.500718,1483,5665,7148,Workingday,Hangat
596,2012-08-18,Fall,1,8,no,Saturday,no,Clear,27.811653,30.903550000000003,60.3333,11.917089,2827,5038,7865,Weekend,Hangat
597,2012-08-19,Fall,1,8,no,Sunday,no,Misty,26.069153,30.1777,71.1667,5.79215,1208,3341,4549,Weekend,Hangat
598,2012-08-20,Fall,1,8,no,Monday,yes,Misty,26.069153,29.798350000000003,73.4167,8.708593,1026,5504,6530,Workingday,Hangat
599,2012-08-21,Fall,1,8,no,Tuesday,yes,Clear,26.615847000000002,30.051250000000003,67.375,4.8756436,1081,5925,7006,Workingday,Hangat
600,2012-08-22,Fall,1,8,no,Wednesday,yes,Clear,27.3675,31.0927,67.7083,4.708981100000001,1094,6281,7375,Workingday,Hangat
601,2012-08-23,Fall,1,8,no,Thursday,yes,Clear,28.529153,31.8504,63.5833,5.6679186,1363,6402,7765,Workingday,Hangat
602,2012-08-24,Fall,1,8,no,Friday,yes,Misty,28.802500000000002,32.355000000000004,61.5,4.8337686,1325,6257,7582,Workingday,Hangat
603,2012-08-25,Fall,1,8,no,Saturday,no,Misty,27.128347,30.934800000000003,71.2917,16.375336,1829,4224,6053,Weekend,Hangat
604,2012-08-26,Fall,1,8,no,Sunday,no,Misty,26.786653,29.799799999999998,84.5833,15.333486,1483,3772,5255,Weekend,Hangat
605,2012-08-27,Fall,1,8,no,Monday,yes,Clear,28.836653,32.7344,73.04169999999999,8.625110999999999,989,5928,6917,Workingday,Hangat
606,2012-08-28,Fall,1,8,no,Tuesday,yes,Clear,29.861653,33.3025,62.0,12.791975,935,6105,7040,Workingday,Hangat
607,2012-08-29,Fall,1,8,no,Wednesday,yes,Clear,28.085,31.786649999999998,55.2083,7.541653999999999,1177,6520,7697,Workingday,Hangat
608,2012-08-30,Fall,1,8,no,Thursday,yes,Clear,28.973347,32.63895,59.0417,5.1668189,1172,6541,7713,Workingday,Hangat
609,2012-08-31,Fall,1,8,no,Friday,yes,Clear,31.330847000000002,34.47,58.75,11.291711,1433,5917,7350,Workingday,Panas
610,2012-09-01,Fall,1,9,no,Saturday,no,Misty,30.886653000000003,35.1327,63.8333,7.5835289999999995,2352,3788,6140,Weekend,Panas
611,2012-09-02,Fall,1,9,no,Sunday,no,Misty,28.563347,32.45,81.5,4.2927436,2613,3197,5810,Weekend,Hangat
612,2012-09-03,Fall,1,9,yes,Monday,no,Clear,29.0075,33.081450000000004,79.0833,10.125107,1965,4069,6034,Holiday,Hangat
613,2012-09-04,Fall,1,9,no,Tuesday,yes,Clear,29.759152999999998,34.3444,75.5,15.833507,867,5997,6864,Workingday,Hangat
614,2012-09-05,Fall,1,9,no,Wednesday,yes,Clear,30.203346999999997,35.44915,74.125,12.583136,832,6280,7112,Workingday,Panas
615,2012-09-06,Fall,1,9,no,Thursday,yes,Misty,28.563347,32.766450000000006,81.0417,9.542207,611,5592,6203,Workingday,Hangat
616,2012-09-07,Fall,1,9,no,Friday,yes,Clear,28.836653,32.8602,73.625,11.500282,1045,6459,7504,Workingday,Hangat
617,2012-09-08,Fall,1,9,no,Saturday,no,Misty,27.025847,30.556050000000003,79.91669999999999,18.833968000000002,1557,4419,5976,Weekend,Hangat
618,2012-09-09,Fall,1,9,no,Sunday,no,Clear,25.009999999999998,28.946250000000003,54.75,15.041232,2570,5657,8227,Weekend,Hangat
619,2012-09-10,Fall,1,9,no,Monday,yes,Clear,23.916653,28.2827,50.375,17.333771000000002,1118,6407,7525,Workingday,Hangat
620,2012-09-11,Fall,1,9,no,Tuesday,yes,Clear,23.677500000000002,27.7146,52.0,6.1676314,1070,6697,7767,Workingday,Hangat
621,2012-09-12,Fall,1,9,no,Wednesday,yes,Clear,24.565847,28.50375,57.7083,8.833682,1050,6820,7870,Workingday,Hangat
622,2012-09-13,Fall,1,9,no,Thursday,yes,Clear,25.1125,28.9779,63.708299999999994,5.5422936,1054,6750,7804,Workingday,Hangat
623,2012-09-14,Fall,1,9,no,Friday,yes,Clear,25.966653,29.704150000000002,67.25,6.9588209999999995,1379,6630,8009,Workingday,Hangat
624,2012-09-15,Fall,1,9,no,Saturday,no,Clear,24.941653000000002,29.29335,50.1667,16.583907,3160,5554,8714,Weekend,Hangat
625,2012-09-16,Fall,1,9,no,Sunday,no,Clear,23.779999999999998,28.15625,56.99999999999999,6.042281099999999,2166,5167,7333,Weekend,Hangat
626,2012-09-17,Fall,1,9,no,Monday,yes,Misty,23.814153,27.652500000000003,73.4583,10.166713999999999,1022,5847,6869,Workingday,Hangat
627,2012-09-18,Fall,1,9,no,Tuesday,yes,Misty,25.556653,28.253349999999998,87.25,23.958329,371,3702,4073,Workingday,Hangat
628,2012-09-19,Fall,1,9,no,Wednesday,yes,Clear,22.6525,27.0202,53.6667,14.416725,788,6803,7591,Workingday,Hangat
629,2012-09-20,Fall,1,9,no,Thursday,yes,Clear,22.413347,26.6096,61.8333,7.917189,939,6781,7720,Workingday,Hangat
630,2012-09-21,Fall,1,9,no,Friday,yes,Clear,24.565847,28.59855,66.875,10.333343000000001,1250,6917,8167,Workingday,Hangat
631,2012-09-22,Fall,1,9,no,Saturday,no,Clear,26.650000000000002,30.5244,64.6667,19.000061,2512,5883,8395,Weekend,Hangat
632,2012-09-23,Winter,1,9,no,Sunday,no,Clear,21.695847,25.946649999999998,46.7083,14.958286000000001,2454,5453,7907,Weekend,Hangat
633,2012-09-24,Winter,1,9,no,Monday,yes,Clear,21.080847000000002,25.12565,49.2917,9.541068000000001,1001,6435,7436,Workingday,Hangat
634,2012-09-25,Winter,1,9,no,Tuesday,yes,Clear,22.55,27.208949999999998,56.99999999999999,15.833507,845,6693,7538,Workingday,Hangat
635,2012-09-26,Winter,1,9,no,Wednesday,yes,Clear,26.035,29.83065,63.083299999999994,16.3748,787,6946,7733,Workingday,Hangat
636,2012-09-27,Winter,1,9,no,Thursday,yes,Misty,26.650000000000002,30.398750000000003,69.08330000000001,9.000914,751,6642,7393,Workingday,Hangat
637,2012-09-28,Winter,1,9,no,Friday,yes,Misty,25.385847000000002,29.29315,69.0,10.999993,1045,6370,7415,Workingday,Hangat
638,2012-09-29,Winter,1,9,no,Saturday,no,Clear,22.2425,26.5148,54.2917,15.249468,2589,5966,8555,Weekend,Hangat
639,2012-09-30,Winter,1,9,no,Sunday,no,Clear,21.593347,25.88315,58.3333,9.042186,2015,4874,6889,Weekend,Hangat
640,2012-10-01,Winter,1,10,no,Monday,yes,Misty,21.354153,25.6,64.9167,6.0838814,763,6015,6778,Workingday,Hangat
641,2012-10-02,Winter,1,10,no,Tuesday,yes,Light Snow/Rain,24.224153,27.116649999999996,87.16669999999999,6.9998249999999995,315,4324,4639,Workingday,Hangat
642,2012-10-03,Winter,1,10,no,Wednesday,yes,Misty,26.9575,29.95665,79.375,4.4585686,728,6844,7572,Workingday,Hangat
643,2012-10-04,Winter,1,10,no,Thursday,yes,Misty,26.9575,30.398750000000003,72.2917,7.875582,891,6437,7328,Workingday,Hangat
644,2012-10-05,Winter,1,10,no,Friday,yes,Clear,25.215,29.00935,62.74999999999999,7.12545,1516,6640,8156,Workingday,Hangat
645,2012-10-06,Winter,1,10,no,Saturday,no,Clear,22.720847,26.92605,66.41669999999999,17.957675000000002,3031,4934,7965,Weekend,Hangat
646,2012-10-07,Winter,1,10,no,Sunday,no,Misty,17.049153,20.99065,70.8333,9.457854000000001,781,2729,3510,Weekend,Sejuk
647,2012-10-08,Winter,1,10,yes,Monday,no,Misty,15.716652999999999,19.3804,70.9583,12.708492999999999,874,4604,5478,Holiday,Sejuk
648,2012-10-09,Winter,1,10,no,Tuesday,yes,Misty,18.313347,21.9056,76.16669999999999,12.7501,601,5791,6392,Workingday,Sejuk
649,2012-10-10,Winter,1,10,no,Wednesday,yes,Clear,21.080847000000002,25.1571,63.083299999999994,12.584007,780,6911,7691,Workingday,Hangat
650,2012-10-11,Winter,1,10,no,Thursday,yes,Clear,17.835,21.55835,46.3333,12.166932000000001,834,6736,7570,Workingday,Sejuk
651,2012-10-12,Winter,1,10,no,Friday,yes,Clear,17.9375,21.65355,53.91669999999999,15.751164,1060,6222,7282,Workingday,Sejuk
652,2012-10-13,Winter,1,10,no,Saturday,no,Clear,16.126653,19.5698,49.4583,9.791514,2252,4857,7109,Weekend,Sejuk
653,2012-10-14,Winter,1,10,no,Sunday,no,Clear,21.388347,25.4102,64.0417,18.667004000000002,2080,4559,6639,Weekend,Hangat
654,2012-10-15,Winter,1,10,no,Monday,yes,Misty,23.028347,26.9575,70.75,19.834478999999998,760,5115,5875,Workingday,Hangat
655,2012-10-16,Winter,1,10,no,Tuesday,yes,Clear,19.201653,23.042299999999997,55.833299999999994,12.208807,922,6612,7534,Workingday,Sejuk
656,2012-10-17,Winter,1,10,no,Wednesday,yes,Clear,18.689153,22.5054,69.2917,6.791857,979,6482,7461,Workingday,Sejuk
657,2012-10-18,Winter,1,10,no,Thursday,yes,Misty,21.4225,25.63125,72.8333,15.874779,1008,6501,7509,Workingday,Hangat
658,2012-10-19,Winter,1,10,no,Friday,yes,Misty,23.096653,26.894800000000004,81.5,9.041917999999999,753,4671,5424,Workingday,Hangat
659,2012-10-20,Winter,1,10,no,Saturday,no,Clear,19.850847,23.6421,57.2917,7.874979,2806,5284,8090,Weekend,Sejuk
660,2012-10-21,Winter,1,10,no,Sunday,no,Clear,19.030847,22.82145,51.0,11.125618000000001,2132,4692,6824,Weekend,Sejuk
661,2012-10-22,Winter,1,10,no,Monday,yes,Clear,19.9875,24.1471,56.833299999999994,5.4593811,830,6228,7058,Workingday,Sejuk
662,2012-10-23,Winter,1,10,no,Tuesday,yes,Clear,22.310847,26.5152,64.16669999999999,6.3345686,841,6625,7466,Workingday,Hangat
663,2012-10-24,Winter,1,10,no,Wednesday,yes,Clear,24.087500000000002,27.93605,63.625,4.8762064,795,6898,7693,Workingday,Hangat
664,2012-10-25,Winter,1,10,no,Thursday,yes,Misty,22.55,26.4844,80.0417,8.333125,875,6484,7359,Workingday,Hangat
665,2012-10-26,Winter,1,10,no,Friday,yes,Misty,22.379153000000002,26.137500000000003,80.7083,8.875289,1182,6262,7444,Workingday,Hangat
666,2012-10-27,Winter,1,10,no,Saturday,no,Misty,21.73,25.756649999999997,72.0,15.791364000000002,2643,5209,7852,Weekend,Hangat
667,2012-10-28,Winter,1,10,no,Sunday,no,Misty,19.5775,23.38855,69.4583,26.666535999999997,998,3461,4459,Weekend,Sejuk
668,2012-10-29,Winter,1,10,no,Monday,yes,Light Snow/Rain,18.04,21.97,88.0,23.9994,2,20,22,Workingday,Sejuk
669,2012-10-30,Winter,1,10,no,Tuesday,yes,Misty,13.045462,15.49545,82.5455,14.271603,87,1009,1096,Workingday,Sejuk
670,2012-10-31,Winter,1,10,no,Wednesday,yes,Misty,14.657499999999999,18.055,66.6667,11.166689,419,5147,5566,Workingday,Sejuk
671,2012-11-01,Winter,1,11,no,Thursday,yes,Misty,14.999153000000002,18.4971,58.166700000000006,10.542182,466,5520,5986,Workingday,Sejuk
672,2012-11-02,Winter,1,11,no,Friday,yes,Clear,14.555,17.802100000000003,52.208299999999994,17.833725,618,5229,5847,Workingday,Sejuk
673,2012-11-03,Winter,1,11,no,Saturday,no,Misty,14.076653,16.1923,49.125,18.125443,1029,4109,5138,Weekend,Sejuk
674,2012-11-04,Winter,1,11,no,Sunday,no,Clear,13.359153,16.4769,53.2917,12.000236,1201,3906,5107,Weekend,Sejuk
675,2012-11-05,Winter,1,11,no,Monday,yes,Clear,13.085847,15.403749999999999,49.416700000000006,15.833775000000001,378,4881,5259,Workingday,Sejuk
676,2012-11-06,Winter,1,11,no,Tuesday,yes,Clear,11.514153,14.07835,56.7083,11.625371,466,5220,5686,Workingday,Sejuk
677,2012-11-07,Winter,1,11,no,Wednesday,yes,Misty,12.129153,13.73105,54.75,20.375236,326,4709,5035,Workingday,Sejuk
678,2012-11-08,Winter,1,11,no,Thursday,yes,Clear,14.439134,17.09455,33.3478,23.304945,340,4975,5315,Workingday,Sejuk
679,2012-11-09,Winter,1,11,no,Friday,yes,Clear,14.828347,17.77065,54.0833,14.375386,709,5283,5992,Workingday,Sejuk
680,2012-11-10,Winter,1,11,no,Saturday,no,Clear,15.955846999999999,19.696849999999998,64.5417,3.8756686,2090,4446,6536,Weekend,Sejuk
681,2012-11-11,Winter,1,11,no,Sunday,no,Clear,17.254153000000002,21.08565,65.91669999999999,8.5425,2290,4562,6852,Weekend,Sejuk
682,2012-11-12,Winter,1,11,yes,Monday,no,Clear,19.884999999999998,23.76915,74.16669999999999,11.625639,1097,5172,6269,Holiday,Sejuk
683,2012-11-13,Winter,1,11,no,Tuesday,yes,Misty,14.076653,16.16125,66.29169999999999,22.917082,327,3767,4094,Workingday,Sejuk
684,2012-11-14,Winter,1,11,no,Wednesday,yes,Clear,11.855847,14.07815,55.2083,13.374875,373,5122,5495,Workingday,Sejuk
685,2012-11-15,Winter,1,11,no,Thursday,yes,Misty,13.188346999999998,16.2246,62.0417,10.250129000000001,320,5125,5445,Workingday,Sejuk
686,2012-11-16,Winter,1,11,no,Friday,yes,Clear,14.145,17.3602,52.4583,11.458675000000001,484,5214,5698,Workingday,Sejuk
687,2012-11-17,Winter,1,11,no,Saturday,no,Clear,13.325000000000001,16.31915,54.541700000000006,12.041843,1313,4316,5629,Weekend,Sejuk
688,2012-11-18,Winter,1,11,no,Sunday,no,Clear,14.0425,16.8873,69.2917,15.250004,922,3747,4669,Weekend,Sejuk
689,2012-11-19,Winter,1,11,no,Monday,yes,Misty,15.614152999999998,18.78105,62.3333,15.749489,449,5050,5499,Workingday,Sejuk
690,2012-11-20,Winter,1,11,no,Tuesday,yes,Misty,15.340847000000002,19.03335,68.5,5.542575,534,5100,5634,Workingday,Sejuk
691,2012-11-21,Winter,1,11,no,Wednesday,yes,Clear,14.486653,18.2446,61.375,6.917482000000001,615,4531,5146,Workingday,Sejuk
692,2012-11-22,Winter,1,11,yes,Thursday,no,Clear,13.940000000000001,17.518549999999998,58.0417,3.5423436,955,1470,2425,Holiday,Sejuk
693,2012-11-23,Winter,1,11,no,Friday,yes,Clear,15.101653,18.93895,56.875,9.917407,1603,2307,3910,Workingday,Sejuk
694,2012-11-24,Winter,1,11,no,Saturday,no,Clear,11.411653,12.4371,40.4583,25.250357,532,1745,2277,Weekend,Sejuk
695,2012-11-25,Winter,1,11,no,Sunday,no,Clear,10.079153,12.879150000000001,46.8333,10.083499999999999,309,2115,2424,Weekend,Sejuk
696,2012-11-26,Winter,1,11,no,Monday,yes,Clear,12.846652999999998,16.950200000000002,53.541700000000006,3.1255499999999996,337,4750,5087,Workingday,Sejuk
697,2012-11-27,Winter,1,11,no,Tuesday,yes,Misty,11.958347,14.0779,78.6667,15.916654,123,3836,3959,Workingday,Sejuk
698,2012-11-28,Winter,1,11,no,Wednesday,yes,Clear,12.163347,14.488100000000001,50.625,14.125007,198,5062,5260,Workingday,Sejuk
699,2012-11-29,Winter,1,11,no,Thursday,yes,Clear,11.51567,14.921100000000001,55.565200000000004,7.739974,243,5080,5323,Workingday,Sejuk
700,2012-11-30,Winter,1,11,no,Friday,yes,Clear,12.231653000000001,16.193350000000002,64.95830000000001,3.9175436,362,5306,5668,Workingday,Sejuk
701,2012-12-01,Winter,1,12,no,Saturday,no,Misty,12.231653000000001,15.8452,80.6667,4.0001814,951,4240,5191,Weekend,Sejuk
702,2012-12-02,Winter,1,12,no,Sunday,no,Misty,14.247499999999999,17.9604,82.3333,8.333393000000001,892,3757,4649,Weekend,Sejuk
703,2012-12-03,Winter,1,12,no,Monday,yes,Clear,18.552500000000002,22.7898,76.75,5.5422936,555,5679,6234,Workingday,Sejuk
704,2012-12-04,Winter,1,12,no,Tuesday,yes,Clear,19.509153,23.4527,73.375,11.666643,551,6055,6606,Workingday,Sejuk
705,2012-12-05,Winter,1,12,no,Wednesday,yes,Clear,17.971653,21.4006,48.5,21.709407,331,5398,5729,Workingday,Sejuk
706,2012-12-06,Winter,1,12,no,Thursday,yes,Clear,10.489152999999998,12.9102,50.875,11.708518,340,5035,5375,Workingday,Sejuk
707,2012-12-07,Winter,1,12,no,Friday,yes,Misty,13.154152999999999,16.097900000000003,76.4167,8.7502,349,4659,5008,Workingday,Sejuk
708,2012-12-08,Winter,1,12,no,Saturday,no,Misty,15.648347,19.4754,91.125,6.792393,1153,4429,5582,Weekend,Sejuk
709,2012-12-09,Winter,1,12,no,Sunday,no,Misty,15.750846999999998,19.5073,90.5417,10.584325,441,2787,3228,Weekend,Sejuk
710,2012-12-10,Winter,1,12,no,Monday,yes,Misty,17.869153,21.77875,92.5,12.750636,329,4841,5170,Workingday,Sejuk
711,2012-12-11,Winter,1,12,no,Tuesday,yes,Misty,14.486653,16.91815,59.66669999999999,19.834478999999998,282,5219,5501,Workingday,Sejuk
712,2012-12-12,Winter,1,12,no,Wednesday,yes,Misty,12.1975,14.8669,53.833299999999994,10.916779,310,5009,5319,Workingday,Sejuk
713,2012-12-13,Winter,1,12,no,Thursday,yes,Clear,12.129153,14.7094,48.5833,11.666643,425,5107,5532,Workingday,Sejuk
714,2012-12-14,Winter,1,12,no,Friday,yes,Clear,11.548347,14.7096,64.29169999999999,8.792343,429,5182,5611,Workingday,Sejuk
715,2012-12-15,Winter,1,12,no,Saturday,no,Clear,13.290847,16.91915,65.0417,7.12545,767,4280,5047,Weekend,Sejuk
716,2012-12-16,Winter,1,12,no,Sunday,no,Misty,14.862499999999999,18.4969,83.875,6.749714,538,3248,3786,Weekend,Sejuk
717,2012-12-17,Winter,1,12,no,Monday,yes,Misty,16.126653,20.075000000000003,90.7083,6.583306100000001,212,4373,4585,Workingday,Sejuk
718,2012-12-18,Winter,1,12,no,Tuesday,yes,Clear,16.844153,20.485400000000002,66.625,14.834067999999998,433,5124,5557,Workingday,Sejuk
719,2012-12-19,Winter,1,12,no,Wednesday,yes,Clear,13.6325,17.1081,62.5417,12.334164000000001,333,4934,5267,Workingday,Sejuk
720,2012-12-20,Winter,1,12,no,Thursday,yes,Misty,13.530000000000001,16.760849999999998,66.79169999999999,8.875021,314,3814,4128,Workingday,Sejuk
721,2012-12-21,Spring,1,12,no,Friday,yes,Misty,13.393346999999999,15.08835,55.666700000000006,25.083661000000003,221,3402,3623,Workingday,Sejuk
722,2012-12-22,Spring,1,12,no,Saturday,no,Clear,10.899153,11.80565,44.125,27.292182,205,1544,1749,Weekend,Sejuk
723,2012-12-23,Spring,1,12,no,Sunday,no,Clear,10.079153,12.97355,51.5417,8.916561,408,1379,1787,Weekend,Sejuk
724,2012-12-24,Spring,1,12,no,Monday,yes,Misty,9.483464,12.945,79.1304,5.1744368000000005,174,746,920,Workingday,Dingin
725,2012-12-25,Spring,1,12,yes,Tuesday,no,Misty,11.943464,14.723249999999998,73.47829999999999,11.304642,440,573,1013,Holiday,Sejuk
726,2012-12-26,Spring,1,12,no,Wednesday,yes,Light Snow/Rain,9.976652999999999,11.01665,82.3333,21.208582,9,432,441,Workingday,Dingin
727,2012-12-27,Spring,1,12,no,Thursday,yes,Misty,10.420846999999998,11.3321,65.29169999999999,23.458911,247,1867,2114,Workingday,Sejuk
728,2012-12-28,Spring,1,12,no,Friday,yes,Misty,10.386652999999999,12.7523,59.0,10.416557,644,2451,3095,Workingday,Sejuk
729,2012-12-29,Spring,1,12,no,Saturday,no,Misty,10.386652999999999,12.120000000000001,75.29169999999999,8.333661,159,1182,1341,Weekend,Sejuk
730,2012-12-30,Spring,1,12,no,Sunday,no,Clear,10.489152999999998,11.584999999999999,48.3333,23.500518,364,1432,1796,Weekend,Sejuk
731,2012-12-31,Spring,1,12,no,Monday,yes,Misty,8.849153,11.17435,57.75,10.374682,439,2290,2729,Workingday,Dingin
